vehicle_id,device_id,ride_date,minute_offset,max_current_per_throttle_ratio,above_threshold
122IAG,16040936,2026-08-21,536,1.185,True
122IAG,16040936,2026-08-21,537,1.245,True
122IAG,16040936,2026-08-21,538,0.494,False
122IAG,16040936,2026-08-21,539,1.183,True
122IAG,16040936,2026-08-21,540,1.087,False
122IAG,16040936,2026-08-21,541,0.835,False
122IAG,16040936,2026-08-21,542,0.615,False
122IAG,16040936,2026-08-21,543,0.775,False
122IAG,16040936,2026-08-21,544,1.126,False
122IAG,16040936,2026-08-21,545,0.771,False
122IAG,16040936,2026-08-21,552,1.348,True
122IAG,16040936,2026-08-21,553,0.784,False
122IAG,16040936,2026-08-21,554,0.952,False
122IAG,16040936,2026-08-21,555,1.418,True
122IAG,16040936,2026-08-21,556,1.333,True
122IAG,16040936,2026-08-21,557,0.963,False
122IAG,16040936,2026-08-21,558,1.281,True
122IAG,16040936,2026-08-21,561,1.268,True
122IAG,16040936,2026-08-21,562,1.208,True
122IAG,16040936,2026-08-21,563,1.282,True
122IAG,16040936,2026-08-21,564,0.952,False
122IAG,16040936,2026-08-21,565,0.841,False
122IAG,16040936,2026-08-21,566,1.32,True
122IAG,16040936,2026-08-21,571,1.046,False
122IAG,16040936,2026-08-21,572,1.434,True
122IAG,16040936,2026-08-21,573,1.471,True
122IAG,16040936,2026-08-21,575,1.509,True
122IAG,16040936,2026-08-21,576,1.287,True
122IAG,16040936,2026-08-21,577,1.413,True
122IAG,16040936,2026-08-21,578,0.911,False
122IAG,16040936,2026-08-21,579,0.695,False
122IAG,16040936,2026-08-21,580,0.692,False
122IAG,16040936,2026-08-21,581,1.491,True
122IAG,16040936,2026-08-21,822,0.751,False
122IAG,16040936,2026-08-21,823,1.348,True
122IAG,16040936,2026-08-21,824,0.489,False
122IAG,16040936,2026-08-21,826,0.861,False
122IAG,16040936,2026-08-21,827,1.334,True
122IAG,16040936,2026-08-21,828,0.858,False
122IAG,16040936,2026-08-21,830,1.114,False
122IAG,16040936,2026-08-21,831,1.383,True
122IAG,16040936,2026-08-21,832,0.821,False
122IAG,16040936,2026-08-21,833,1.181,True
122IAG,16040936,2026-08-21,834,0.197,False
122IAG,16040936,2026-08-21,839,1.164,True
122IAG,16040936,2026-08-21,840,1.26,True
122IAG,16040936,2026-08-21,841,0.684,False
122IAG,16040936,2026-08-21,842,1.417,True
122IAG,16040936,2026-08-21,843,0.886,False
122IAG,16040936,2026-08-21,844,1.09,False
122IAG,16040936,2026-08-21,847,1.378,True
122IAG,16040936,2026-08-21,848,0.516,False
122IAG,16040936,2026-08-21,1024,1.318,True
122IAG,16040936,2026-08-21,1025,1.309,True
122IAG,16040936,2026-08-21,1026,0.939,False
122IAG,16040936,2026-08-21,1027,1.103,False
122IAG,16040936,2026-08-21,1028,1.071,False
122IAG,16040936,2026-08-21,1029,0.976,False
122IAG,16040936,2026-08-21,1030,0.776,False
122IAG,16040936,2026-08-21,1031,0.789,False
122IAG,16040936,2026-08-21,1032,0.75,False
122IAG,16040936,2026-08-21,1033,1.579,True
122IAG,16040936,2026-08-22,88,1.261,True
122IAG,16040936,2026-08-22,93,1.272,True
122IAG,16040936,2026-08-22,94,1.012,False
122IAG,16040936,2026-08-22,95,0.805,False
122IAG,16040936,2026-08-22,96,1.039,False
122IAG,16040936,2026-08-22,97,1.213,True
122IAG,16040936,2026-08-22,98,0.931,False
122IAG,16040936,2026-08-22,99,1.09,False
122IAG,16040936,2026-08-22,100,0.686,False
122IAG,16040936,2026-08-22,101,0.659,False
122IAG,16040936,2026-08-22,103,0.972,False
122IAG,16040936,2026-08-22,104,1.034,False
122IAG,16040936,2026-08-22,105,1.285,True
122IAG,16040936,2026-08-22,106,0.309,False
122IAG,16040936,2026-08-22,107,0.959,False
122IAG,16040936,2026-08-22,108,0.971,False
122IAG,16040936,2026-08-22,109,0.48,False
122IAG,16040936,2026-08-22,512,1.177,True
122IAG,16040936,2026-08-22,513,1.313,True
122IAG,16040936,2026-08-22,514,1.17,True
122IAG,16040936,2026-08-22,515,1.291,True
122IAG,16040936,2026-08-22,516,0.924,False
122IAG,16040936,2026-08-22,517,0.685,False
122IAG,16040936,2026-08-22,518,1.353,True
122IAG,16040936,2026-08-22,519,0.967,False
122IAG,16040936,2026-08-22,520,0.964,False
122IAG,16040936,2026-08-22,523,1.369,True
122IAG,16040936,2026-08-22,524,0.996,False
122IAG,16040936,2026-08-22,525,1.103,False
122IAG,16040936,2026-08-22,526,0.842,False
122IAG,16040936,2026-08-22,527,0.81,False
122IAG,16040936,2026-08-22,528,0.785,False
122IAG,16040936,2026-08-22,529,0.87,False
122IAG,16040936,2026-08-22,530,0.281,False
122IAG,16040936,2026-08-22,531,1.275,True
122IAG,16040936,2026-08-22,532,0.945,False
122IAG,16040936,2026-08-22,533,1.419,True
122IAG,16040936,2026-08-22,534,1.284,True
122IAG,16040936,2026-08-22,535,1.261,True
122IAG,16040936,2026-08-22,536,0.9,False
122IAG,16040936,2026-08-22,537,0.945,False
122IAG,16040936,2026-08-22,539,1.256,True
122IAG,16040936,2026-08-22,540,1.197,True
122IAG,16040936,2026-08-22,541,0.747,False
122IAG,16040936,2026-08-22,544,1.385,True
122IAG,16040936,2026-08-22,545,0.991,False
122IAG,16040936,2026-08-22,546,0.721,False
122IAG,16040936,2026-08-22,547,1.34,True
122IAG,16040936,2026-08-22,548,1.259,True
122IAG,16040936,2026-08-22,549,1.44,True
122IAG,16040936,2026-08-22,550,1.349,True
122IAG,16040936,2026-08-22,551,0.912,False
122IAG,16040936,2026-08-22,552,1.117,False
122IAG,16040936,2026-08-22,575,1.296,True
122IAG,16040936,2026-08-22,576,1.044,False
122IAG,16040936,2026-08-22,577,1.177,True
122IAG,16040936,2026-08-22,578,0.794,False
122IAG,16040936,2026-08-22,579,1.016,False
122IAG,16040936,2026-08-22,580,1.161,True
122IAG,16040936,2026-08-22,581,1.079,False
122IAG,16040936,2026-08-22,583,1.271,True
122IAG,16040936,2026-08-22,584,1.115,False
122IAG,16040936,2026-08-22,585,1.237,True
122IAG,16040936,2026-08-22,586,0.841,False
122IAG,16040936,2026-08-22,587,1.254,True
122IAG,16040936,2026-08-22,588,0.859,False
122IAG,16040936,2026-08-22,589,1.126,False
122IAG,16040936,2026-08-22,593,1.368,True
122IAG,16040936,2026-08-22,594,1.212,True
122IAG,16040936,2026-08-22,595,0.947,False
122IAG,16040936,2026-08-22,596,0.797,False
122IAG,16040936,2026-08-22,597,0.875,False
122IAG,16040936,2026-08-22,598,1.262,True
122IAG,16040936,2026-08-22,599,1.488,True
122IAG,16040936,2026-08-22,600,1.293,True
122IAG,16040936,2026-08-22,601,1.468,True
122IAG,16040936,2026-08-22,602,1.248,True
122IAG,16040936,2026-08-22,606,1.223,True
122IAG,16040936,2026-08-22,607,1.325,True
122IAG,16040936,2026-08-22,608,1.112,False
122IAG,16040936,2026-08-22,609,1.276,True
122IAG,16040936,2026-08-22,610,0.742,False
122IAG,16040936,2026-08-22,611,1.095,False
122IAG,16040936,2026-08-22,612,1.323,True
122IAG,16040936,2026-08-22,613,1.385,True
122IAG,16040936,2026-08-22,614,1.046,False
122IAG,16040936,2026-08-22,621,3.208,True
122IAG,16040936,2026-08-22,622,0.913,False
122IAG,16040936,2026-08-22,623,1.234,True
122IAG,16040936,2026-08-22,624,1.002,False
122IAG,16040936,2026-08-22,625,0.985,False
122IAG,16040936,2026-08-22,626,0.781,False
122IAG,16040936,2026-08-22,627,1.408,True
122IAG,16040936,2026-08-22,631,1.278,True
122IAG,16040936,2026-08-22,632,1.284,True
122IAG,16040936,2026-08-22,633,0.559,False
122IAG,16040936,2026-08-22,635,1.199,True
122IAG,16040936,2026-08-22,636,1.196,True
122IAG,16040936,2026-08-22,637,1.268,True
122IAG,16040936,2026-08-22,638,1.285,True
122IAG,16040936,2026-08-22,639,1.02,False
122IAG,16040936,2026-08-22,640,1.152,True
122IAG,16040936,2026-08-22,641,1.062,False
122IAG,16040936,2026-08-22,642,0.576,False
122IAG,16040936,2026-08-22,646,1.707,True
122IAG,16040936,2026-08-22,647,1.302,True
122IAG,16040936,2026-08-22,648,1.801,True
122IAG,16040936,2026-08-22,649,0.999,False
122IAG,16040936,2026-08-22,651,1.16,True
122IAG,16040936,2026-08-22,652,0.902,False
122IAG,16040936,2026-08-22,653,1.006,False
122IAG,16040936,2026-08-22,654,2.376,True
122IAG,16040936,2026-08-22,656,1.42,True
122IAG,16040936,2026-08-22,657,1.151,True
122IAG,16040936,2026-08-22,658,1.272,True
122IAG,16040936,2026-08-22,661,1.17,True
122IAG,16040936,2026-08-22,662,1.19,True
122IAG,16040936,2026-08-22,663,0.716,False
122IAG,16040936,2026-08-22,664,1.373,True
122IAG,16040936,2026-08-22,665,1.173,True
122IAG,16040936,2026-08-22,666,0.844,False
122IAG,16040936,2026-08-22,668,1.276,True
122IAG,16040936,2026-08-22,669,1.253,True
122IAG,16040936,2026-08-22,670,1.391,True
122IAG,16040936,2026-08-22,671,0.875,False
122IAG,16040936,2026-08-22,672,2.474,True
122IAG,16040936,2026-08-22,673,1.063,False
122IAG,16040936,2026-08-22,674,1.415,True
122IAG,16040936,2026-08-22,675,1.307,True
122IAG,16040936,2026-08-22,677,1.471,True
122IAG,16040936,2026-08-22,678,1.09,False
122IAG,16040936,2026-08-22,679,0.966,False
122IAG,16040936,2026-08-22,680,1.213,True
122IAG,16040936,2026-08-22,685,1.017,False
122IAG,16040936,2026-08-22,686,1.348,True
122IAG,16040936,2026-08-22,687,1.06,False
122IAG,16040936,2026-08-22,688,1.077,False
122IAG,16040936,2026-08-22,691,1.289,True
122IAG,16040936,2026-08-22,692,1.094,False
122IAG,16040936,2026-08-22,693,1.04,False
122IAG,16040936,2026-08-22,694,1.131,False
122IAG,16040936,2026-08-22,695,1.365,True
122IAG,16040936,2026-08-22,696,0.997,False
122IAG,16040936,2026-08-22,697,0.875,False
122IAG,16040936,2026-08-22,703,1.462,True
122IAG,16040936,2026-08-22,704,1.065,False
122IAG,16040936,2026-08-22,705,0.778,False
122IAG,16040936,2026-08-22,706,1.216,True
122IAG,16040936,2026-08-22,707,1.145,True
122IAG,16040936,2026-08-22,710,1.459,True
122IAG,16040936,2026-08-22,711,1.124,False
122IAG,16040936,2026-08-22,712,1.108,False
122IAG,16040936,2026-08-22,713,0.903,False
122IAG,16040936,2026-08-22,714,1.159,True
122IAG,16040936,2026-08-22,715,1.348,True
122IAG,16040936,2026-08-22,832,1.126,False
122IAG,16040936,2026-08-22,833,0.78,False
122IAG,16040936,2026-08-22,834,1.056,False
122IAG,16040936,2026-08-22,835,0.728,False
122IAG,16040936,2026-08-22,836,1.167,True
122IAG,16040936,2026-08-22,837,1.273,True
122IAG,16040936,2026-08-22,838,0.92,False
122IAG,16040936,2026-08-22,841,1.222,True
122IAG,16040936,2026-08-22,842,1.151,True
122IAG,16040936,2026-08-22,845,1.225,True
122IAG,16040936,2026-08-22,846,0.955,False
122IAG,16040936,2026-08-22,847,1.062,False
122IAG,16040936,2026-08-22,848,0.919,False
122IAG,16040936,2026-08-22,851,1.317,True
122IAG,16040936,2026-08-22,852,1.102,False
122IAG,16040936,2026-08-22,853,0.82,False
122IAG,16040936,2026-08-22,854,0.887,False
122IAG,16040936,2026-08-22,855,1.305,True
122IAG,16040936,2026-08-22,856,1.2,True
122IAG,16040936,2026-08-22,857,1.149,True
122IAG,16040936,2026-08-22,859,1.379,True
122IAG,16040936,2026-08-22,860,0.955,False
122IAG,16040936,2026-08-22,861,0.727,False
122IAG,16040936,2026-08-22,864,1.082,False
122IAG,16040936,2026-08-22,865,1.212,True
122IAG,16040936,2026-08-22,866,1.031,False
122IAG,16040936,2026-08-22,867,1.194,True
122IAG,16040936,2026-08-22,868,1.286,True
122IAG,16040936,2026-08-22,869,1.294,True
122IAG,16040936,2026-08-22,870,1.23,True
122IAG,16040936,2026-08-22,871,0.625,False
122IAG,16040936,2026-08-22,872,1.241,True
122IAG,16040936,2026-08-22,874,1.367,True
122IAG,16040936,2026-08-22,875,0.918,False
122IAG,16040936,2026-08-22,877,1.223,True
122IAG,16040936,2026-08-22,878,1.263,True
122IAG,16040936,2026-08-22,880,1.388,True
122IAG,16040936,2026-08-22,881,0.747,False
122IAG,16040936,2026-08-22,890,1.345,True
122IAG,16040936,2026-08-22,891,0.86,False
122IAG,16040936,2026-08-22,892,1.083,False
122IAG,16040936,2026-08-22,893,0.891,False
122IAG,16040936,2026-08-22,894,0.844,False
122IAG,16040936,2026-08-22,895,1.386,True
122IAG,16040936,2026-08-22,896,1.446,True
122IAG,16040936,2026-08-22,900,1.236,True
122IAG,16040936,2026-08-22,901,0.576,False
122IAG,16040936,2026-08-22,902,0.881,False
122IAG,16040936,2026-08-22,903,0.892,False
122IAG,16040936,2026-08-22,904,0.9,False
122IAG,16040936,2026-08-22,905,0.93,False
122IAG,16040936,2026-08-22,907,1.384,True
122IAG,16040936,2026-08-22,908,1.017,False
122IAG,16040936,2026-08-22,909,0.764,False
122IAG,16040936,2026-08-22,910,1.005,False
122IAG,16040936,2026-08-22,914,1.291,True
122IAG,16040936,2026-08-22,915,1.054,False
122IAG,16040936,2026-08-22,916,0.735,False
122IAG,16040936,2026-08-22,917,1.146,True
122IAG,16040936,2026-08-22,918,0.866,False
122IAG,16040936,2026-08-22,919,1.132,False
122IAG,16040936,2026-08-22,925,1.161,True
122IAG,16040936,2026-08-22,926,1.346,True
122IAG,16040936,2026-08-22,927,1.109,False
122IAG,16040936,2026-08-22,929,1.421,True
122IAG,16040936,2026-08-22,930,0.945,False
122IAG,16040936,2026-08-22,931,1.259,True
122IAG,16040936,2026-08-22,932,1.154,True
122IAG,16040936,2026-08-24,278,1.21,True
122IAG,16040936,2026-08-24,279,1.071,False
122IAG,16040936,2026-08-24,459,1.606,True
122IAG,16040936,2026-08-24,460,1.621,True
122IAG,16040936,2026-08-24,461,1.605,True
122IAG,16040936,2026-08-24,462,0.849,False
122IAG,16040936,2026-08-24,463,1.589,True
122IAG,16040936,2026-08-24,464,1.025,False
122IAG,16040936,2026-08-24,465,1.515,True
122IAG,16040936,2026-08-24,466,1.27,True
122IAG,16040936,2026-08-24,467,1.393,True
122IAG,16040936,2026-08-24,468,1.04,False
122IAG,16040936,2026-08-24,469,0.541,False
122IAG,16040936,2026-08-24,470,1.129,False
122IAG,16040936,2026-08-24,471,0.54,False
122IAG,16040936,2026-08-24,472,1.089,False
122IAG,16040936,2026-08-24,473,1.284,True
122IAG,16040936,2026-08-24,474,1.294,True
122IAG,16040936,2026-08-24,475,1.132,False
122IAG,16040936,2026-08-24,476,1.34,True
122IAG,16040936,2026-08-24,477,0.816,False
122IAG,16040936,2026-08-24,478,1.445,True
122IAG,16040936,2026-08-24,479,0.763,False
122IAG,16040936,2026-08-24,480,0.693,False
122IAG,16040936,2026-08-24,481,1.112,False
122IAG,16040936,2026-08-24,482,1.005,False
122IAG,16040936,2026-08-24,483,0.724,False
122IAG,16040936,2026-08-24,486,0.898,False
122IAG,16040936,2026-08-24,487,1.309,True
122IAG,16040936,2026-08-25,508,1.235,True
122IAG,16040936,2026-08-25,509,1.268,True
122IAG,16040936,2026-08-25,510,1.049,False
122IAG,16040936,2026-08-25,511,1.131,False
122IAG,16040936,2026-08-25,512,0.993,False
122IAG,16040936,2026-08-25,513,1.226,True
122IAG,16040936,2026-08-25,514,0.84,False
122IAG,16040936,2026-08-25,515,1.271,True
122IAG,16040936,2026-08-25,516,1.031,False
122IAG,16040936,2026-08-25,517,0.646,False
122IAG,16040936,2026-08-25,518,1.022,False
122IAG,16040936,2026-08-25,519,1.047,False
122IAG,16040936,2026-08-25,520,0.912,False
122IAG,16040936,2026-08-25,521,1.107,False
122IAG,16040936,2026-08-25,525,1.037,False
122IAG,16040936,2026-08-25,526,1.115,False
122IAG,16040936,2026-08-25,527,1.26,True
122IAG,16040936,2026-08-25,528,0.797,False
122IAG,16040936,2026-08-25,529,0.85,False
122IAG,16040936,2026-08-25,530,1.298,True
122IAG,16040936,2026-08-25,531,0.712,False
122IAG,16040936,2026-08-25,532,0.851,False
122IAG,16040936,2026-08-25,533,0.856,False
122IAG,16040936,2026-08-25,534,0.635,False
122IAG,16040936,2026-08-25,535,1.043,False
122IAG,16040936,2026-08-25,536,0.486,False
122IAG,16040936,2026-08-25,537,1.37,True
122IAG,16040936,2026-08-25,540,1.21,True
122IAG,16040936,2026-08-25,541,1.014,False
122IAG,16040936,2026-08-25,542,0.915,False
122IAG,16040936,2026-08-25,543,0.832,False
122IAG,16040936,2026-08-25,544,0.654,False
122IAG,16040936,2026-08-25,551,1.329,True
122IAG,16040936,2026-08-25,552,1.043,False
122IAG,16040936,2026-08-25,553,0.709,False
122IAG,16040936,2026-08-25,554,0.506,False
122IAG,16040936,2026-08-25,555,1.271,True
122IAG,16040936,2026-08-25,556,0.664,False
122IAG,16040936,2026-08-25,557,1.01,False
122IAG,16040936,2026-08-25,558,1.128,False
122IAG,16040936,2026-08-25,561,1.362,True
122IAG,16040936,2026-08-25,562,0.917,False
122IAG,16040936,2026-08-25,563,1.049,False
122IAG,16040936,2026-08-25,564,1.107,False
122IAG,16040936,2026-08-25,565,0.882,False
122IAG,16040936,2026-08-25,566,0.729,False
122IAG,16040936,2026-08-25,567,1.024,False
122IAG,16040936,2026-08-25,568,1.185,True
122IAG,16040936,2026-08-25,570,1.338,True
122IAG,16040936,2026-08-25,571,1.087,False
122IAG,16040936,2026-08-25,572,1.061,False
122IAG,16040936,2026-08-25,573,1.248,True
122IAG,16040936,2026-08-25,574,1.428,True
122IAG,16040936,2026-08-25,575,0.74,False
122IAG,16040936,2026-08-25,576,2.838,True
122IAG,16040936,2026-08-25,578,0.966,False
122IAG,16040936,2026-08-25,579,1.34,True
122IAG,16040936,2026-08-25,580,0.77,False
122IAG,16040936,2026-08-25,581,0.608,False
122IAG,16040936,2026-08-25,582,0.925,False
122IAG,16040936,2026-08-25,583,1.345,True
122IAG,16040936,2026-08-25,584,0.886,False
122IAG,16040936,2026-08-25,585,1.429,True
122IAG,16040936,2026-08-25,586,1.088,False
122IAG,16040936,2026-08-25,587,1.02,False
122IAG,16040936,2026-08-25,588,1.39,True
122IAG,16040936,2026-08-25,589,0.679,False
122IAG,16040936,2026-08-25,592,1.136,False
122IAG,16040936,2026-08-25,593,1.126,False
122IAG,16040936,2026-08-25,594,1.198,True
122IAG,16040936,2026-08-25,595,1.004,False
122IAG,16040936,2026-08-25,596,1.216,True
122IAG,16040936,2026-08-25,597,0.824,False
122IAG,16040936,2026-08-25,598,1.02,False
122IAG,16040936,2026-08-25,599,1.869,True
122IAG,16040936,2026-08-25,600,0.712,False
122IAG,16040936,2026-08-25,601,1.028,False
122IAG,16040936,2026-08-25,602,0.026,False
122IAG,16040936,2026-08-25,604,0.339,False
122IAG,16040936,2026-08-25,605,1.258,True
122IAG,16040936,2026-08-25,606,0.796,False
122IAG,16040936,2026-08-25,607,1.266,True
122IAG,16040936,2026-08-25,608,1.314,True
122IAG,16040936,2026-08-25,609,1.398,True
122IAG,16040936,2026-08-25,610,0.689,False
122IAG,16040936,2026-08-25,611,1.121,False
122IAG,16040936,2026-08-25,612,1.248,True
122IAG,16040936,2026-08-25,613,1.535,True
122IAG,16040936,2026-08-25,614,0.989,False
122IAG,16040936,2026-08-25,615,0.987,False
122IAG,16040936,2026-08-25,616,0.882,False
122IAG,16040936,2026-08-25,617,1.195,True
122IAG,16040936,2026-08-25,618,0.709,False
122IAG,16040936,2026-08-25,619,1.298,True
122IAG,16040936,2026-08-25,620,1.322,True
122IAG,16040936,2026-08-25,621,1.053,False
122IAG,16040936,2026-08-25,623,1.423,True
122IAG,16040936,2026-08-25,624,1.348,True
122IAG,16040936,2026-08-25,625,1.345,True
122IAG,16040936,2026-08-25,626,1.065,False
122IAG,16040936,2026-08-25,627,1.253,True
122IAG,16040936,2026-08-25,628,1.156,True
122IAG,16040936,2026-08-25,629,0.733,False
122IAG,16040936,2026-08-25,630,1.027,False
122IAG,16040936,2026-08-25,633,1.495,True
122IAG,16040936,2026-08-25,634,1.094,False
122IAG,16040936,2026-08-25,635,1.06,False
122IAG,16040936,2026-08-25,636,1.175,True
122IAG,16040936,2026-08-25,637,0.835,False
122IAG,16040936,2026-08-25,638,0.77,False
122IAG,16040936,2026-08-25,639,0.878,False
122IAG,16040936,2026-08-25,640,1.154,True
122IAG,16040936,2026-08-25,641,0.583,False
122IAG,16040936,2026-08-25,642,1.304,True
122IAG,16040936,2026-08-25,643,1.022,False
122IAG,16040936,2026-08-25,644,1.504,True
122IAG,16040936,2026-08-25,648,1.538,True
122IAG,16040936,2026-08-25,649,6.785,True
122IAG,16040936,2026-08-25,650,2.139,True
122IAG,16040936,2026-08-25,651,0.652,False
122IAG,16040936,2026-08-25,652,0.669,False
122IAG,16040936,2026-08-25,653,0.971,False
122IAG,16040936,2026-08-25,654,0.703,False
122IAG,16040936,2026-08-25,655,0.894,False
122IAG,16040936,2026-08-25,656,0.754,False
122IAG,16040936,2026-08-25,657,1.089,False
122IAG,16040936,2026-08-25,662,1.423,True
122IAG,16040936,2026-08-25,663,1.267,True
122IAG,16040936,2026-08-25,664,0.839,False
122IAG,16040936,2026-08-25,665,1.388,True
122IAG,16040936,2026-08-25,666,1.161,True
122IAG,16040936,2026-08-25,667,1.28,True
122IAG,16040936,2026-08-25,669,1.563,True
122IAG,16040936,2026-08-25,674,1.307,True
122IAG,16040936,2026-08-25,675,1.03,False
122IAG,16040936,2026-08-25,677,1.185,True
122IAG,16040936,2026-08-25,678,1.457,True
122IAG,16040936,2026-08-25,679,1.225,True
122IAG,16040936,2026-08-25,682,1.069,False
122IAG,16040936,2026-08-25,683,0.807,False
122IAG,16040936,2026-08-25,684,0.497,False
122IAG,16040936,2026-08-25,685,1.454,True
122IAG,16040936,2026-08-25,686,0.799,False
122IAG,16040936,2026-08-25,687,1.22,True
122IAG,16040936,2026-08-25,689,1.593,True
122IAG,16040936,2026-08-25,690,0.906,False
122IAG,16040936,2026-08-25,691,0.907,False
122IAG,16040936,2026-08-25,692,1.296,True
122IAG,16040936,2026-08-25,700,0.882,False
122IAG,16040936,2026-08-25,701,1.458,True
122IAG,16040936,2026-08-25,702,0.851,False
122IAG,16040936,2026-08-25,703,0.484,False
122IAG,16040936,2026-08-25,704,1.391,True
122IAG,16040936,2026-08-25,705,1.221,True
122IAG,16040936,2026-08-25,706,1.266,True
122IAG,16040936,2026-08-25,707,1.309,True
122IAG,16040936,2026-08-25,708,1.325,True
122IAG,16040936,2026-08-25,709,1.258,True
122IAG,16040936,2026-08-25,712,1.521,True
122IAG,16040936,2026-08-25,713,1.094,False
122IAG,16040936,2026-08-25,714,1.545,True
122IAG,16040936,2026-08-25,715,1.485,True
122IAG,16040936,2026-08-25,717,1.458,True
122IAG,16040936,2026-08-25,718,1.561,True
122IAG,16040936,2026-08-25,719,1.265,True
122IAG,16040936,2026-08-25,721,1.48,True
122IAG,16040936,2026-08-25,722,1.26,True
122IAG,16040936,2026-08-25,723,1.109,False
122IAG,16040936,2026-08-25,724,0.885,False
122IAG,16040936,2026-08-25,725,0.749,False
122IAG,16040936,2026-08-25,726,1.434,True
122IAG,16040936,2026-08-25,727,0.688,False
122IAG,16040936,2026-08-25,729,1.423,True
122IAG,16040936,2026-08-25,730,1.106,False
122IAG,16040936,2026-08-25,731,1.101,False
122IAG,16040936,2026-08-25,734,1.521,True
122IAG,16040936,2026-08-25,735,1.152,True
122IAG,16040936,2026-08-25,736,1.536,True
122IAG,16040936,2026-08-25,737,1.508,True
122IAG,16040936,2026-08-25,738,0.999,False
122IAG,16040936,2026-08-25,739,1.381,True
122IAG,16040936,2026-08-25,740,1.072,False
122IAG,16040936,2026-08-25,741,1.557,True
122IAG,16040936,2026-08-25,742,0.998,False
122IAG,16040936,2026-08-25,743,0.994,False
122IAG,16040936,2026-08-25,744,1.126,False
122IAG,16040936,2026-08-25,748,3.002,True
122IAG,16040936,2026-08-25,749,0.913,False
122IAG,16040936,2026-08-25,750,0.691,False
122IAG,16040936,2026-08-25,751,1.348,True
122IAG,16040936,2026-08-25,752,0.745,False
122IAG,16040936,2026-08-25,753,0.683,False
122IAG,16040936,2026-08-25,754,0.91,False
122IAG,16040936,2026-08-25,755,0.783,False
122IAG,16040936,2026-08-25,756,1.296,True
122IAG,16040936,2026-08-25,758,1.572,True
122IAG,16040936,2026-08-25,759,1.568,True
122IAG,16040936,2026-08-25,760,1.107,False
122IAG,16040936,2026-08-25,761,1.007,False
122IAG,16040936,2026-08-25,762,0.863,False
122IAG,16040936,2026-08-25,763,0.733,False
122IAG,16040936,2026-08-25,764,1.288,True
122IAG,16040936,2026-08-25,765,1.125,False
122IAG,16040936,2026-08-25,766,0.287,False
122IAG,16040936,2026-08-25,767,1.133,False
122IAG,16040936,2026-08-25,768,1.516,True
122IAG,16040936,2026-08-25,771,1.383,True
122IAG,16040936,2026-08-25,772,1.194,True
122IAG,16040936,2026-08-25,775,1.003,False
122IAG,16040936,2026-08-25,776,0.885,False
122IAG,16040936,2026-08-25,777,0.922,False
122IAG,16040936,2026-08-25,778,1.488,True
122IAG,16040936,2026-08-25,779,1.182,True
122IAG,16040936,2026-08-25,780,0.958,False
122IAG,16040936,2026-08-25,781,1.369,True
122IAG,16040936,2026-08-25,782,0.73,False
122IAG,16040936,2026-08-25,783,1.309,True
122IAG,16040936,2026-08-25,784,0.818,False
122IAG,16040936,2026-08-25,785,1.365,True
122IAG,16040936,2026-08-25,786,1.331,True
122IAG,16040936,2026-08-25,787,1.509,True
122IAG,16040936,2026-08-25,793,1.432,True
122IAG,16040936,2026-08-25,794,1.29,True
122IAG,16040936,2026-08-25,795,0.814,False
122IAG,16040936,2026-08-25,796,0.695,False
122IAG,16040936,2026-08-25,797,1.214,True
122IAG,16040936,2026-08-25,798,0.731,False
122IAG,16040936,2026-08-25,799,0.817,False
122IAG,16040936,2026-08-25,800,0.632,False
122IAG,16040936,2026-08-25,801,0.805,False
122IAG,16040936,2026-08-25,802,0.815,False
122IAG,16040936,2026-08-25,803,0.911,False
122IAG,16040936,2026-08-25,804,0.765,False
122IAG,16040936,2026-08-25,805,1.209,True
122IAG,16040936,2026-08-25,851,1.197,True
122IAG,16040936,2026-08-25,852,0.757,False
122IAG,16040936,2026-08-25,853,0.876,False
122IAG,16040936,2026-08-25,854,0.774,False
122IAG,16040936,2026-08-25,855,0.887,False
122IAG,16040936,2026-08-25,856,1.088,False
122IAG,16040936,2026-08-25,861,0.975,False
122IAG,16040936,2026-08-25,862,1.353,True
122IAG,16040936,2026-08-25,863,0.486,False
122IAG,16040936,2026-08-25,864,0.89,False
122IAG,16040936,2026-08-25,865,0.896,False
122IAG,16040936,2026-08-25,866,0.711,False
122IAG,16040936,2026-08-25,870,1.415,True
122IAG,16040936,2026-08-25,871,1.009,False
122IAG,16040936,2026-08-25,872,1.359,True
122IAG,16040936,2026-08-25,873,1.12,False
122IAG,16040936,2026-08-25,874,0.988,False
122IAG,16040936,2026-08-25,875,0.795,False
122IAG,16040936,2026-08-25,877,1.249,True
122IAG,16040936,2026-08-25,878,1.089,False
122IAG,16040936,2026-08-25,879,0.903,False
122IAG,16040936,2026-08-25,880,1.318,True
122IAG,16040936,2026-08-25,883,1.214,True
122IAG,16040936,2026-08-25,884,1.168,True
122IAG,16040936,2026-08-25,885,1.215,True
122IAG,16040936,2026-08-25,886,1.399,True
122IAG,16040936,2026-08-25,888,1.273,True
122IAG,16040936,2026-08-25,889,1.143,True
122IAG,16040936,2026-08-25,890,0.752,False
122IAG,16040936,2026-08-25,891,0.831,False
122IAG,16040936,2026-08-25,892,1.038,False
122IAG,16040936,2026-08-25,893,0.724,False
122IAG,16040936,2026-08-25,894,0.797,False
122IAG,16040936,2026-08-25,895,0.844,False
122IAG,16040936,2026-08-25,896,0.627,False
122IAG,16040936,2026-08-25,908,1.155,True
122IAG,16040936,2026-08-25,909,1.148,True
122IAG,16040936,2026-08-25,910,0.969,False
122IAG,16040936,2026-08-25,911,0.851,False
122IAG,16040936,2026-08-25,912,0.998,False
122IAG,16040936,2026-08-25,913,1.095,False
122IAG,16040936,2026-08-25,914,1.105,False
122IAG,16040936,2026-08-25,915,0.684,False
122IAG,16040936,2026-08-25,916,1.256,True
122IAG,16040936,2026-08-25,917,0.926,False
122IAG,16040936,2026-08-25,918,0.933,False
122IAG,16040936,2026-08-25,919,0.746,False
122IAG,16040936,2026-08-25,920,1.245,True
122IAG,16040936,2026-08-25,923,1.548,True
122IAG,16040936,2026-08-25,924,1.347,True
122IAG,16040936,2026-08-25,925,1.047,False
122IAG,16040936,2026-08-25,926,0.773,False
122IAG,16040936,2026-08-25,927,0.725,False
122IAG,16040936,2026-08-25,931,1.535,True
122IAG,16040936,2026-08-25,932,1.249,True
122IAG,16040936,2026-08-25,933,1.09,False
122IAG,16040936,2026-08-25,934,1.51,True
122IAG,16040936,2026-08-25,935,1.014,False
122IAG,16040936,2026-08-25,938,1.182,True
122IAG,16040936,2026-08-25,939,0.784,False
122IAG,16040936,2026-08-25,953,0.601,False
122IAG,16040936,2026-08-26,347,1.173,True
122IAG,16040936,2026-08-26,348,1.12,False
122IAG,16040936,2026-08-26,349,1.32,True
122IAG,16040936,2026-08-26,350,0.986,False
122IAG,16040936,2026-08-26,351,0.8,False
122IAG,16040936,2026-08-26,352,0.699,False
122IAG,16040936,2026-08-26,353,0.853,False
122IAG,16040936,2026-08-26,354,1.083,False
122IAG,16040936,2026-08-26,355,0.593,False
122IAG,16040936,2026-08-26,357,1.339,True
122IAG,16040936,2026-08-26,358,2.277,True
122IAG,16040936,2026-08-26,359,0.963,False
122IAG,16040936,2026-08-26,360,1.313,True
122IAG,16040936,2026-08-26,361,1.145,True
122IAG,16040936,2026-08-26,362,1.09,False
122IAG,16040936,2026-08-26,363,0.849,False
122IAG,16040936,2026-08-26,364,0.745,False
122IAG,16040936,2026-08-26,365,0.925,False
122IAG,16040936,2026-08-26,366,1.29,True
122IAG,16040936,2026-08-26,367,1.182,True
122IAG,16040936,2026-08-26,368,0.593,False
122IAG,16040936,2026-08-26,369,1.352,True
122IAG,16040936,2026-08-26,370,0.795,False
122IAG,16040936,2026-08-26,371,0.761,False
122IAG,16040936,2026-08-26,372,1.175,True
122IAG,16040936,2026-08-26,373,1.38,True
122IAG,16040936,2026-08-26,374,0.921,False
122IAG,16040936,2026-08-26,376,1.357,True
122IAG,16040936,2026-08-26,377,1.546,True
122IAG,16040936,2026-08-26,378,1.251,True
122IAG,16040936,2026-08-26,379,1.317,True
122IAG,16040936,2026-08-26,380,1.064,False
122IAG,16040936,2026-08-26,381,1.493,True
122IAG,16040936,2026-08-26,382,1.113,False
122IAG,16040936,2026-08-26,383,1.294,True
122IAG,16040936,2026-08-26,385,1.162,True
122IAG,16040936,2026-08-26,386,0.84,False
122IAG,16040936,2026-08-26,387,0.927,False
122IAG,16040936,2026-08-26,388,0.775,False
122IAG,16040936,2026-08-26,389,0.907,False
122IAG,16040936,2026-08-26,390,1.159,True
122IAG,16040936,2026-08-26,393,0.853,False
122IAG,16040936,2026-08-26,394,1.23,True
122IAG,16040936,2026-08-26,395,1.242,True
122IAG,16040936,2026-08-26,396,0.766,False
122IAG,16040936,2026-08-26,397,0.865,False
122IAG,16040936,2026-08-26,398,0.74,False
122IAG,16040936,2026-08-26,399,1.115,False
122IAG,16040936,2026-08-26,402,1.485,True
122IAG,16040936,2026-08-26,403,1.046,False
122IAG,16040936,2026-08-26,404,1.272,True
122IAG,16040936,2026-08-26,405,1.142,True
122IAG,16040936,2026-08-26,408,0.922,False
122IAG,16040936,2026-08-26,409,0.612,False
122IAG,16040936,2026-08-26,410,1.295,True
122IAG,16040936,2026-08-26,411,1.136,False
122IAG,16040936,2026-08-26,416,1.379,True
122IAG,16040936,2026-08-26,417,1.172,True
122IAG,16040936,2026-08-26,418,1.041,False
122IAG,16040936,2026-08-26,419,1.239,True
122IAG,16040936,2026-08-26,420,0.856,False
122IAG,16040936,2026-08-26,421,0.832,False
122IAG,16040936,2026-08-26,422,0.599,False
122IAG,16040936,2026-08-26,423,0.916,False
122IAG,16040936,2026-08-26,424,0.918,False
122IAG,16040936,2026-08-26,425,0.702,False
122IAG,16040936,2026-08-26,426,1.186,True
122IAG,16040936,2026-08-26,427,1.363,True
122IAG,16040936,2026-08-26,430,1.371,True
122IAG,16040936,2026-08-26,431,0.763,False
122IAG,16040936,2026-08-26,432,0.895,False
122IAG,16040936,2026-08-26,433,1.077,False
122IAG,16040936,2026-08-26,434,0.996,False
122IAG,16040936,2026-08-26,435,0.786,False
122IAG,16040936,2026-08-26,436,1.149,True
122IAG,16040936,2026-08-26,437,1.205,True
122IAG,16040936,2026-08-26,438,1.091,False
122IAG,16040936,2026-08-26,439,1.387,True
122IAG,16040936,2026-08-26,440,0.927,False
122IAG,16040936,2026-08-26,441,1.041,False
122IAG,16040936,2026-08-26,442,1.155,True
122IAG,16040936,2026-08-26,443,1.09,False
122IAG,16040936,2026-08-26,444,1.091,False
122IAG,16040936,2026-08-26,445,0.936,False
122IAG,16040936,2026-08-26,446,0.885,False
122IAG,16040936,2026-08-26,447,1.34,True
122IAG,16040936,2026-08-26,448,0.775,False
122IAG,16040936,2026-08-26,449,0.997,False
122IAG,16040936,2026-08-26,450,2.862,True
122IAG,16040936,2026-08-26,451,2.29,True
122IAG,16040936,2026-08-26,453,1.244,True
122IAG,16040936,2026-08-26,454,1.046,False
122IAG,16040936,2026-08-26,455,0.818,False
122IAG,16040936,2026-08-26,456,0.735,False
122IAG,16040936,2026-08-26,457,0.91,False
122IAG,16040936,2026-08-26,458,0.967,False
122IAG,16040936,2026-08-26,463,1.349,True
122IAG,16040936,2026-08-26,464,1.074,False
122IAG,16040936,2026-08-26,465,1.544,True
122IAG,16040936,2026-08-26,480,1.017,False
122IAG,16040936,2026-08-26,481,1.267,True
122IAG,16040936,2026-08-26,482,1.246,True
122IAG,16040936,2026-08-26,485,1.278,True
122IAG,16040936,2026-08-26,486,1.497,True
122IAG,16040936,2026-08-26,487,1.448,True
122IAG,16040936,2026-08-26,488,0.868,False
122IAG,16040936,2026-08-26,489,1.216,True
122IAG,16040936,2026-08-26,490,0.858,False
122IAG,16040936,2026-08-26,491,0.752,False
122IAG,16040936,2026-08-26,492,1.207,True
122IAG,16040936,2026-08-26,493,0.873,False
122IAG,16040936,2026-08-26,506,1.262,True
122IAG,16040936,2026-08-26,507,0.836,False
122IAG,16040936,2026-08-26,508,1.322,True
122IAG,16040936,2026-08-26,509,0.968,False
122IAG,16040936,2026-08-26,510,0.767,False
122IAG,16040936,2026-08-26,511,0.796,False
122IAG,16040936,2026-08-26,512,0.802,False
122IAG,16040936,2026-08-26,513,0.725,False
122IAG,16040936,2026-08-26,514,1.376,True
122IAG,16040936,2026-08-26,515,1.469,True
122IAG,16040936,2026-08-26,516,1.452,True
122IAG,16040936,2026-08-26,517,0.559,False
122IAG,16040936,2026-08-26,519,1.446,True
122IAG,16040936,2026-08-26,520,1.309,True
122IAG,16040936,2026-08-26,521,1.592,True
122IAG,16040936,2026-08-26,522,1.364,True
122IAG,16040936,2026-08-26,523,0.988,False
122IAG,16040936,2026-08-26,524,0.945,False
122IAG,16040936,2026-08-26,525,1.087,False
122IAG,16040936,2026-08-26,526,0.193,False
122IAG,16040936,2026-08-26,527,0.868,False
122IAG,16040936,2026-08-26,528,0.808,False
122IAG,16040936,2026-08-26,530,1.543,True
122IAG,16040936,2026-08-26,531,1.188,True
122IAG,16040936,2026-08-26,532,0.859,False
122IAG,16040936,2026-08-26,533,0.92,False
122IAG,16040936,2026-08-26,534,0.891,False
122IAG,16040936,2026-08-26,535,0.892,False
122IAG,16040936,2026-08-26,536,1.393,True
122IAG,16040936,2026-08-26,537,0.867,False
122IAG,16040936,2026-08-26,538,1.433,True
122IAG,16040936,2026-08-26,539,1.304,True
122IAG,16040936,2026-08-26,540,1.553,True
122IAG,16040936,2026-08-26,541,1.768,True
122IAG,16040936,2026-08-26,542,0.987,False
122IAG,16040936,2026-08-26,578,6.992,True
122IAG,16040936,2026-08-26,579,1.302,True
122IAG,16040936,2026-08-26,580,0.73,False
122IAG,16040936,2026-08-26,581,1.4,True
122IAG,16040936,2026-08-26,582,0.752,False
122IAG,16040936,2026-08-26,583,1.215,True
122IAG,16040936,2026-08-26,584,0.67,False
122IAG,16040936,2026-08-26,585,1.225,True
122IAG,16040936,2026-08-26,586,1.154,True
122IAG,16040936,2026-08-26,649,1.304,True
122IAG,16040936,2026-08-26,650,1.24,True
122IAG,16040936,2026-08-26,654,1.352,True
122IAG,16040936,2026-08-26,655,2.185,True
122IAG,16040936,2026-08-26,657,1.107,False
122IAG,16040936,2026-08-26,658,1.199,True
122IAG,16040936,2026-08-26,660,0.999,False
122IAG,16040936,2026-08-26,661,1.167,True
122IAG,16040936,2026-08-26,662,0.994,False
122IAG,16040936,2026-08-26,663,0.981,False
122IAG,16040936,2026-08-26,664,0.881,False
122IAG,16040936,2026-08-26,665,0.634,False
122IAG,16040936,2026-08-26,666,1.283,True
122IAG,16040936,2026-08-26,669,1.271,True
122IAG,16040936,2026-08-26,670,0.959,False
122IAG,16040936,2026-08-26,671,1.32,True
122IAG,16040936,2026-08-26,672,1.017,False
122IAG,16040936,2026-08-26,673,1.142,True
122IAG,16040936,2026-08-26,674,1.347,True
122IAG,16040936,2026-08-26,675,1.229,True
122IAG,16040936,2026-08-26,676,0.934,False
122IAG,16040936,2026-08-26,677,0.935,False
122IAG,16040936,2026-08-26,682,3.024,True
122IAG,16040936,2026-08-26,683,1.473,True
122IAG,16040936,2026-08-26,684,0.623,False
122IAG,16040936,2026-08-26,786,1.442,True
122IAG,16040936,2026-08-26,787,1.318,True
122IAG,16040936,2026-08-26,788,0.612,False
122IAG,16040936,2026-08-26,789,1.317,True
122IAG,16040936,2026-08-26,790,0.91,False
122IAG,16040936,2026-08-26,792,1.396,True
122IAG,16040936,2026-08-26,793,1.301,True
122IAG,16040936,2026-08-26,794,0.613,False
122IAG,16040936,2026-08-26,795,1.466,True
122IAG,16040936,2026-08-26,796,1.259,True
122IAG,16040936,2026-08-26,797,1.451,True
122IAG,16040936,2026-08-26,798,0.61,False
122IAG,16040936,2026-08-26,799,0.989,False
122IAG,16040936,2026-08-26,801,1.314,True
122IAG,16040936,2026-08-26,802,1.017,False
122IAG,16040936,2026-08-26,803,0.616,False
122IAG,16040936,2026-08-26,804,1.373,True
122IAG,16040936,2026-08-26,805,0.213,False
122IAG,16040936,2026-08-26,806,1.438,True
122IAG,16040936,2026-08-26,807,1.154,True
122IAG,16040936,2026-08-26,817,1.29,True
122IAG,16040936,2026-08-26,818,1.398,True
122IAG,16040936,2026-08-26,819,0.837,False
122IAG,16040936,2026-08-26,820,0.731,False
122IAG,16040936,2026-08-26,821,0.742,False
122IAG,16040936,2026-08-26,822,1.179,True
122IAG,16040936,2026-08-26,824,1.338,True
122IAG,16040936,2026-08-26,825,0.937,False
122IAG,16040936,2026-08-26,826,1.637,True
122IAG,16040936,2026-08-26,827,0.965,False
122IAG,16040936,2026-08-26,828,1.009,False
122IAG,16040936,2026-08-26,833,1.468,True
122IAG,16040936,2026-08-26,834,0.904,False
122IAG,16040936,2026-08-26,837,1.145,True
122IAG,16040936,2026-08-26,838,1.294,True
122IAG,16040936,2026-08-26,841,0.767,False
122IAG,16040936,2026-08-26,842,1.302,True
122IAG,16040936,2026-08-26,843,1.378,True
122IAG,16040936,2026-08-26,844,0.498,False
122IAG,16040936,2026-08-26,845,2.478,True
122IAG,16040936,2026-08-26,846,5.171,True
122IAG,16040936,2026-08-26,862,0.749,False
122IAG,16040936,2026-08-26,863,0.735,False
122IAG,16040936,2026-08-26,864,1.015,False
122IAG,16040936,2026-08-26,865,0.687,False
122IAG,16040936,2026-08-26,866,1.047,False
122IAG,16040936,2026-08-26,867,1.358,True
122IAG,16040936,2026-08-26,868,1.749,True
122IAG,16040936,2026-08-26,870,1.473,True
122IAG,16040936,2026-08-26,871,0.294,False
122IAG,16040936,2026-08-26,872,1.341,True
122IAG,16040936,2026-08-26,873,0.652,False
122IAG,16040936,2026-08-26,874,0.984,False
122IAG,16040936,2026-08-26,875,1.357,True
122IAG,16040936,2026-08-26,877,1.391,True
122IAG,16040936,2026-08-26,878,0.975,False
122IAG,16040936,2026-08-26,879,1.296,True
122IAG,16040936,2026-08-26,880,0.282,False
122IAG,16040936,2026-08-26,912,1.306,True
122IAG,16040936,2026-08-26,913,0.812,False
122IAG,16040936,2026-08-26,914,0.672,False
122IAG,16040936,2026-08-26,915,1.325,True
122IAG,16040936,2026-08-26,916,0.997,False
122IAG,16040936,2026-08-26,917,1.133,False
122IAG,16040936,2026-08-26,920,1.159,True
122IAG,16040936,2026-08-26,921,0.612,False
122IAG,16040936,2026-08-26,922,1.088,False
122IAG,16040936,2026-08-26,923,0.357,False
122IAG,16040936,2026-08-26,924,1.266,True
122IAG,16040936,2026-08-26,925,1.48,True
122IAG,16040936,2026-08-26,926,3.595,True
122IAG,16040936,2026-08-26,931,1.355,True
122IAG,16040936,2026-08-26,932,0.612,False
122IAG,16040936,2026-08-26,933,0.927,False
122IAG,16040936,2026-08-26,934,0.366,False
122IAG,16040936,2026-08-26,935,0.967,False
122IAG,16040936,2026-08-26,936,1.01,False
122IAG,16040936,2026-08-26,937,3.195,True
122IAG,16040936,2026-08-26,938,1.134,False
122IAG,16040936,2026-08-26,939,0.961,False
122IAG,16040936,2026-08-26,940,1.095,False
122IAG,16040936,2026-08-26,941,1.233,True
122IAG,16040936,2026-08-26,942,0.61,False
122IAG,16040936,2026-08-26,943,0.617,False
122IAG,16040936,2026-08-26,944,0.876,False
122IAG,16040936,2026-08-26,945,0.315,False
122IAG,16040936,2026-08-26,946,1.273,True
122IAG,16040936,2026-08-26,947,0.87,False
122IAG,16040936,2026-08-26,950,1.229,True
122IAG,16040936,2026-08-26,951,1.613,True
122IAG,16040936,2026-08-26,952,0.604,False
122IAG,16040936,2026-08-26,953,0.944,False
122IAG,16040936,2026-08-26,954,0.623,False
122IAG,16040936,2026-08-26,955,1.003,False
122IAG,16040936,2026-08-26,956,0.702,False
122IAG,16040936,2026-08-26,957,0.612,False
122IAG,16040936,2026-08-26,960,1.602,True
122IAG,16040936,2026-08-26,961,1.441,True
122IAG,16040936,2026-08-26,963,0.941,False
122IAG,16040936,2026-08-26,964,2.513,True
122IAG,16040936,2026-08-26,967,3.057,True
122IAG,16040936,2026-08-26,968,0.762,False
122IAG,16040936,2026-08-27,658,0.663,False
122IAG,16040936,2026-08-27,663,1.12,False
122IAG,16040936,2026-08-27,664,0.779,False
122IAG,16040936,2026-08-27,665,0.752,False
122IAG,16040936,2026-08-27,666,0.615,False
122IAG,16040936,2026-08-27,667,1.069,False
122IAG,16040936,2026-08-27,668,0.601,False
122IAG,16040936,2026-08-27,669,1.14,False
122IAG,16040936,2026-08-27,670,1.115,False
122IAG,16040936,2026-08-27,674,1.35,True
122IAG,16040936,2026-08-27,675,0.61,False
122IAG,16040936,2026-08-27,676,0.981,False
122IAG,16040936,2026-08-27,677,1.255,True
122IAG,16040936,2026-08-27,678,0.286,False
122IAG,16040936,2026-08-27,686,0.277,False
122IAG,16040936,2026-08-27,736,1.263,True
122IAG,16040936,2026-08-27,738,1.426,True
122IAG,16040936,2026-08-27,739,1.647,True
122IAG,16040936,2026-08-27,740,0.0,False
122IAG,16040936,2026-08-27,743,1.223,True
122IAG,16040936,2026-08-27,746,1.592,True
122IAG,16040936,2026-08-27,747,0.955,False
122IAG,16040936,2026-08-27,748,1.151,True
122IAG,16040936,2026-08-27,751,1.442,True
122IAG,16040936,2026-08-27,752,0.83,False
122IAG,16040936,2026-08-27,753,1.26,True
122IAG,16040936,2026-08-27,756,1.478,True
122IAG,16040936,2026-08-27,757,1.5,True
122IAG,16040936,2026-08-27,760,1.472,True
122IAG,16040936,2026-08-27,761,1.086,False
122IAG,16040936,2026-08-27,762,1.256,True
122IAG,16040936,2026-08-27,764,0.823,False
122IAG,16040936,2026-08-27,765,1.082,False
122IAG,16040936,2026-08-27,766,0.898,False
122IAG,16040936,2026-08-27,767,1.201,True
122IAG,16040936,2026-08-27,770,1.388,True
122IAG,16040936,2026-08-27,771,1.091,False
122IAG,16040936,2026-08-27,772,1.529,True
122IAG,16040936,2026-08-27,773,0.814,False
122IAG,16040936,2026-08-27,774,0.979,False
122IAG,16040936,2026-08-27,775,0.994,False
122IAG,16040936,2026-08-27,776,1.41,True
122IAG,16040936,2026-08-27,778,1.557,True
122IAG,16040936,2026-08-27,779,1.085,False
122IAG,16040936,2026-08-27,780,0.912,False
122IAG,16040936,2026-08-27,781,1.122,False
122IAG,16040936,2026-08-27,782,1.38,True
122IAG,16040936,2026-08-27,783,0.875,False
122IAG,16040936,2026-08-27,785,1.521,True
122IAG,16040936,2026-08-27,786,0.704,False
122IAG,16040936,2026-08-27,787,1.494,True
122IAG,16040936,2026-08-27,788,1.117,False
122IAG,16040936,2026-08-27,789,0.853,False
122IAG,16040936,2026-08-27,825,0.832,False
122IAG,16040936,2026-08-27,826,0.346,False
122IAG,16040936,2026-08-27,831,0.926,False
122IAG,16040936,2026-08-27,832,1.36,True
122IAG,16040936,2026-08-27,833,0.901,False
122IAG,16040936,2026-08-27,834,0.808,False
122IAG,16040936,2026-08-27,835,0.988,False
122IAG,16040936,2026-08-27,837,1.665,True
122IAG,16040936,2026-08-27,838,2.657,True
122IAG,16040936,2026-08-27,839,1.426,True
122IAG,16040936,2026-08-27,840,1.074,False
122IAG,16040936,2026-08-27,841,1.102,False
122IAG,16040936,2026-08-27,842,1.052,False
122IAG,16040936,2026-08-27,843,4.284,True
122IAG,16040936,2026-08-27,846,0.803,False
122IAG,16040936,2026-08-27,847,1.288,True
122IAG,16040936,2026-08-27,848,0.606,False
122IAG,16040936,2026-08-27,849,1.301,True
122IAG,16040936,2026-08-27,850,1.266,True
122IAG,16040936,2026-08-27,851,1.123,False
122IAG,16040936,2026-08-27,965,1.187,True
122IAG,16040936,2026-08-27,966,1.208,True
122IAG,16040936,2026-08-27,967,0.942,False
122IAG,16040936,2026-08-27,968,0.812,False
122IAG,16040936,2026-08-27,969,0.613,False
122IAG,16040936,2026-08-27,970,1.184,True
122IAG,16040936,2026-08-27,971,3.215,True
122IAG,16040936,2026-08-27,974,1.199,True
122IAG,16040936,2026-08-27,975,2.544,True
122IAG,16040936,2026-08-27,976,0.662,False
122IAG,16040936,2026-08-27,977,1.118,False
122IAG,16040936,2026-08-27,978,1.056,False
122IAG,16040936,2026-08-28,544,0.0,False
122IAG,16040936,2026-08-28,545,0.0,False
122IAG,16040936,2026-08-28,546,0.0,False
122IAG,16040936,2026-08-28,572,1.429,True
122IAG,16040936,2026-08-28,573,1.37,True
122IAG,16040936,2026-08-28,577,1.152,True
122IAG,16040936,2026-08-28,578,1.318,True
122IAG,16040936,2026-08-28,579,1.316,True
122IAG,16040936,2026-08-28,580,0.614,False
122IAG,16040936,2026-08-28,581,1.105,False
122IAG,16040936,2026-08-28,582,1.109,False
122IAG,16040936,2026-08-28,583,0.923,False
122IAG,16040936,2026-08-28,586,1.214,True
122IAG,16040936,2026-08-28,587,1.086,False
122IAG,16040936,2026-08-28,589,1.338,True
122IAG,16040936,2026-08-28,590,0.693,False
122IAG,16040936,2026-08-28,591,1.388,True
122IAG,16040936,2026-08-28,592,1.28,True
122IAG,16040936,2026-08-28,593,1.32,True
122IAG,16040936,2026-08-28,595,1.134,False
122IAG,16040936,2026-08-28,596,1.185,True
122IAG,16040936,2026-08-28,597,1.386,True
122IAG,16040936,2026-08-28,598,1.203,True
122IAG,16040936,2026-08-28,599,1.547,True
122IAG,16040936,2026-08-28,602,1.358,True
122IAG,16040936,2026-08-28,603,1.183,True
122IAG,16040936,2026-08-28,604,0.494,False
122IAG,16040936,2026-08-28,641,1.435,True
122IAG,16040936,2026-08-28,642,1.385,True
122IAG,16040936,2026-08-28,643,1.393,True
122IAG,16040936,2026-08-28,644,1.206,True
122IAG,16040936,2026-08-28,645,1.213,True
122IAG,16040936,2026-08-28,646,0.948,False
122IAG,16040936,2026-08-28,647,1.187,True
122IAG,16040936,2026-08-28,648,1.592,True
122IAG,16040936,2026-08-28,649,0.738,False
122IAG,16040936,2026-08-28,650,1.371,True
122IAG,16040936,2026-08-28,652,1.576,True
122IAG,16040936,2026-08-28,653,1.242,True
122IAG,16040936,2026-08-28,654,1.681,True
122IAG,16040936,2026-08-28,657,1.37,True
122IAG,16040936,2026-08-28,658,1.448,True
122IAG,16040936,2026-08-28,659,1.44,True
122IAG,16040936,2026-08-28,660,0.42,False
122IAG,16040936,2026-08-28,662,1.414,True
122IAG,16040936,2026-08-28,663,1.052,False
122IAG,16040936,2026-08-28,664,1.425,True
122IAG,16040936,2026-08-28,666,1.192,True
122IAG,16040936,2026-08-28,667,1.558,True
122IAG,16040936,2026-08-28,668,0.973,False
122IAG,16040936,2026-08-28,669,1.212,True
122IAG,16040936,2026-08-28,670,1.047,False
122IAG,16040936,2026-08-28,676,1.366,True
122IAG,16040936,2026-08-28,677,1.444,True
122IAG,16040936,2026-08-28,678,1.618,True
122IAG,16040936,2026-08-28,679,1.618,True
122IAG,16040936,2026-08-28,681,1.997,True
122IAG,16040936,2026-08-28,682,1.02,False
122IAG,16040936,2026-08-28,683,1.214,True
122IAG,16040936,2026-08-28,684,1.074,False
122IAG,16040936,2026-08-28,685,1.178,True
122IAG,16040936,2026-08-28,687,1.261,True
122IAG,16040936,2026-08-28,688,0.919,False
122IAG,16040936,2026-08-28,689,1.076,False
122IAG,16040936,2026-08-28,690,0.944,False
122IAG,16040936,2026-08-28,691,1.43,True
122IAG,16040936,2026-08-28,692,0.283,False
122IAG,16040936,2026-08-28,696,1.514,True
122IAG,16040936,2026-08-28,697,0.747,False
122IAG,16040936,2026-08-28,698,1.272,True
122IAG,16040936,2026-08-28,699,1.272,True
122IAG,16040936,2026-08-28,700,1.287,True
122IAG,16040936,2026-08-28,701,1.184,True
122IAG,16040936,2026-08-28,704,1.5,True
122IAG,16040936,2026-08-28,705,1.49,True
122IAG,16040936,2026-08-28,706,1.153,True
122IAG,16040936,2026-08-28,707,1.238,True
122IAG,16040936,2026-08-28,708,1.279,True
122IAG,16040936,2026-08-28,709,0.962,False
122IAG,16040936,2026-08-28,710,1.183,True
122IAG,16040936,2026-08-28,711,1.054,False
122IAG,16040936,2026-08-28,712,1.173,True
122IAG,16040936,2026-08-28,716,1.486,True
122IAG,16040936,2026-08-28,717,0.825,False
122IAG,16040936,2026-08-28,727,1.783,True
122IAG,16040936,2026-08-28,728,0.0,False
122IAG,16040936,2026-08-28,729,1.026,False
122IAG,16040936,2026-08-28,730,0.858,False
122IAG,16040936,2026-08-28,731,1.27,True
122IAG,16040936,2026-08-28,732,1.196,True
122IAG,16040936,2026-08-28,733,0.259,False
122IAG,16040936,2026-08-28,768,0.072,False
122IAG,16040936,2026-08-28,769,1.137,False
122IAG,16040936,2026-08-28,770,0.993,False
122IAG,16040936,2026-08-28,771,1.021,False
122IAG,16040936,2026-08-28,773,0.986,False
122IAG,16040936,2026-08-28,774,1.029,False
122IAG,16040936,2026-08-28,775,1.295,True
122IAG,16040936,2026-08-28,797,0.886,False
122IAG,16040936,2026-08-28,798,1.292,True
122IAG,16040936,2026-08-28,799,0.814,False
122IAG,16040936,2026-08-28,800,0.619,False
122IAG,16040936,2026-08-28,801,1.461,True
122IAG,16040936,2026-08-28,805,1.427,True
122IAG,16040936,2026-08-28,806,1.13,False
122IAG,16040936,2026-08-28,807,1.107,False
122IAG,16040936,2026-08-28,808,1.134,False
122IAG,16040936,2026-08-28,809,1.109,False
122IAG,16040936,2026-08-28,810,1.133,False
122IAG,16040936,2026-08-28,812,1.498,True
122IAG,16040936,2026-08-28,813,1.216,True
122IAG,16040936,2026-08-28,814,1.203,True
122IAG,16040936,2026-08-28,816,1.499,True
122IAG,16040936,2026-08-28,817,1.114,False
122IAG,16040936,2026-08-28,820,1.145,True
122IAG,16040936,2026-08-28,821,2.392,True
122IAG,16040936,2026-08-28,822,1.347,True
122IAG,16040936,2026-08-28,824,1.087,False
122IAG,16040936,2026-08-28,825,1.137,False
122IAG,16040936,2026-08-29,496,1.241,True
122IAG,16040936,2026-08-29,497,1.261,True
122IAG,16040936,2026-08-29,503,1.338,True
122IAG,16040936,2026-08-29,504,1.744,True
122IAG,16040936,2026-08-29,505,1.357,True
122IAG,16040936,2026-08-29,506,0.61,False
122IAG,16040936,2026-08-29,507,1.468,True
122IAG,16040936,2026-08-29,508,1.926,True
122IAG,16040936,2026-08-29,510,1.079,False
122IAG,16040936,2026-08-29,511,2.419,True
122IAG,16040936,2026-08-29,512,0.844,False
122IAG,16040936,2026-08-29,513,1.348,True
122IAG,16040936,2026-08-29,514,1.185,True
122IAG,16040936,2026-08-29,515,1.162,True
122IAG,16040936,2026-08-29,517,1.044,False
122IAG,16040936,2026-08-29,518,1.047,False
122IAG,16040936,2026-08-29,519,0.758,False
122IAG,16040936,2026-08-29,520,0.917,False
122IAG,16040936,2026-08-29,521,1.249,True
122IAG,16040936,2026-08-29,522,1.198,True
122IAG,16040936,2026-08-29,523,1.34,True
122IAG,16040936,2026-08-29,524,1.143,True
122IAG,16040936,2026-08-29,525,1.477,True
122IAG,16040936,2026-08-29,526,1.479,True
122IAG,16040936,2026-08-29,527,1.069,False
122IAG,16040936,2026-08-29,528,1.061,False
122IAG,16040936,2026-08-29,529,1.015,False
122IAG,16040936,2026-08-29,530,0.812,False
122IAG,16040936,2026-08-29,531,1.347,True
122IAG,16040936,2026-08-29,532,1.046,False
122IAG,16040936,2026-08-29,533,1.676,True
122IAG,16040936,2026-08-29,538,1.118,False
122IAG,16040936,2026-08-29,539,0.815,False
122IAG,16040936,2026-08-29,540,1.408,True
122IAG,16040936,2026-08-29,541,1.083,False
122IAG,16040936,2026-08-29,542,1.135,False
122IAG,16040936,2026-08-29,543,0.973,False
122IAG,16040936,2026-08-29,544,0.98,False
122IAG,16040936,2026-08-29,545,0.875,False
122IAG,16040936,2026-08-29,546,1.514,True
122IAG,16040936,2026-08-29,550,1.342,True
122IAG,16040936,2026-08-29,551,1.018,False
122IAG,16040936,2026-08-29,552,1.131,False
122IAG,16040936,2026-08-29,553,0.922,False
122IAG,16040936,2026-08-29,554,0.988,False
122IAG,16040936,2026-08-29,555,1.271,True
122IAG,16040936,2026-08-29,557,2.251,True
122IAG,16040936,2026-08-29,558,1.009,False
122IAG,16040936,2026-08-29,559,0.622,False
122IAG,16040936,2026-08-29,560,0.894,False
122IAG,16040936,2026-08-29,561,1.023,False
122IAG,16040936,2026-08-29,562,1.177,True
122IAG,16040936,2026-08-29,563,0.751,False
122IAG,16040936,2026-08-29,564,1.033,False
122IAG,16040936,2026-08-29,565,0.761,False
122IAG,16040936,2026-08-29,566,0.38,False
122IAG,16040936,2026-08-29,567,1.329,True
122IAG,16040936,2026-08-29,568,1.529,True
122IAG,16040936,2026-08-29,569,1.208,True
122IAG,16040936,2026-08-29,570,1.34,True
122IAG,16040936,2026-08-29,719,1.256,True
122IAG,16040936,2026-08-29,720,1.148,True
122IAG,16040936,2026-08-29,721,1.06,False
122IAG,16040936,2026-08-29,839,1.07,False
122IAG,16040936,2026-08-29,840,1.623,True
122IAG,16040936,2026-08-29,843,1.563,True
122IAG,16040936,2026-08-29,844,1.267,True
122IAG,16040936,2026-08-29,845,0.65,False
122IAG,16040936,2026-08-29,848,1.361,True
122IAG,16040936,2026-08-29,849,1.004,False
122IAG,16040936,2026-08-29,850,0.884,False
122IAG,16040936,2026-08-29,853,0.933,False
122IAG,16040936,2026-08-29,854,1.381,True
122IAG,16040936,2026-08-29,855,1.26,True
122IAG,16040936,2026-08-29,856,1.1,False
122IAG,16040936,2026-08-29,857,1.162,True
122IAG,16040936,2026-08-29,858,1.19,True
122IAG,16040936,2026-08-29,859,1.186,True
122IAG,16040936,2026-08-29,860,0.641,False
122IAG,16040936,2026-08-29,861,1.102,False
122IAG,16040936,2026-08-29,862,1.083,False
122IAG,16040936,2026-08-29,864,1.432,True
122IAG,16040936,2026-08-29,865,0.741,False
122IAG,16040936,2026-08-29,866,0.607,False
122IAG,16040936,2026-08-29,867,0.778,False
122IAG,16040936,2026-08-29,868,1.129,False
122IAG,16040936,2026-08-29,869,1.212,True
122IAG,16040936,2026-08-29,870,1.104,False
122IAG,16040936,2026-08-29,871,1.223,True
122IAG,16040936,2026-08-31,776,1.099,False
122IAG,16040936,2026-08-31,777,0.65,False
122IAG,16040936,2026-08-31,778,1.018,False
122IAG,16040936,2026-08-31,779,1.307,True
122IAG,16040936,2026-08-31,782,1.1,False
122IAG,16040936,2026-08-31,783,1.576,True
122IAG,16040936,2026-08-31,784,0.602,False
122IAG,16040936,2026-08-31,787,1.523,True
122IAG,16040936,2026-08-31,788,0.253,False
122IAG,16040936,2026-08-31,789,1.159,True
122IAG,16040936,2026-08-31,792,1.037,False
122IAG,16040936,2026-08-31,793,1.589,True
122IAG,16040936,2026-08-31,796,1.301,True
122IAG,16040936,2026-08-31,797,1.048,False
122IAG,16040936,2026-08-31,798,1.683,True
122IAG,16040936,2026-08-31,799,0.541,False
122IAG,16040936,2026-08-31,800,0.793,False
122IAG,16040936,2026-08-31,802,1.37,True
122IAG,16040936,2026-08-31,803,0.785,False
122IAG,16040936,2026-08-31,804,1.203,True
122IAG,16040936,2026-08-31,806,0.896,False
122IAG,16040936,2026-08-31,807,1.052,False
122IAG,16040936,2026-08-31,808,1.658,True
122IAG,16040936,2026-08-31,809,1.292,True
122IAG,16040936,2026-08-31,812,1.244,True
122IAG,16040936,2026-08-31,813,0.793,False
122IAG,16040936,2026-08-31,819,0.609,False
122IAG,16040936,2026-08-31,820,0.66,False
122IAG,16040936,2026-08-31,822,0.844,False
122IAG,16040936,2026-08-31,823,1.036,False
122IAG,16040936,2026-08-31,824,1.55,True
122IAG,16040936,2026-08-31,825,2.002,True
122IAG,16040936,2026-08-31,828,1.247,True
122IAG,16040936,2026-08-31,829,0.856,False
122IAG,16040936,2026-08-31,830,1.196,True
122IAG,16040936,2026-08-31,832,1.023,False
122IAG,16040936,2026-08-31,833,0.308,False
122IAG,16040936,2026-08-31,834,0.61,False
122IAG,16040936,2026-08-31,837,0.989,False
122IAG,16040936,2026-08-31,838,0.729,False
122IAG,16040936,2026-08-31,841,0.779,False
122IAG,16040936,2026-08-31,842,1.106,False
122IAG,16040936,2026-08-31,843,0.734,False
122IAG,16040936,2026-08-31,844,0.815,False
122IAG,16040936,2026-08-31,846,1.893,True
122IAG,16040936,2026-08-31,847,0.831,False
122IAG,16040936,2026-08-31,848,1.624,True
122IAG,16040936,2026-08-31,849,1.074,False
122IAG,16040936,2026-08-31,850,1.411,True
122IAG,16040936,2026-08-31,851,1.417,True
122IAG,16040936,2026-08-31,854,1.252,True
122IAG,16040936,2026-08-31,855,0.901,False
122IAG,16040936,2026-08-31,856,1.335,True
122IAG,16040936,2026-08-31,857,1.575,True
122IAG,16040936,2026-08-31,858,1.119,False
122IAG,16040936,2026-08-31,862,1.234,True
122IAG,16040936,2026-08-31,863,0.62,False
122IAG,16040936,2026-08-31,864,2.943,True
122IAG,16040936,2026-08-31,865,1.056,False
122IAG,16040936,2026-08-31,867,1.882,True
122IAG,16040936,2026-08-31,868,4.829,True
122IAG,16040936,2026-08-31,869,7.955,True
122IAG,16040936,2026-08-31,871,1.791,True
122IAG,16040936,2026-08-31,872,0.718,False
122IAG,16040936,2026-08-31,873,1.106,False
122IAG,16040936,2026-08-31,874,1.508,True
122IAG,16040936,2026-08-31,876,1.384,True
122IAG,16040936,2026-08-31,877,0.61,False
122IAG,16040936,2026-08-31,880,1.27,True
122IAG,16040936,2026-08-31,881,1.41,True
122IAG,16040936,2026-08-31,882,1.023,False
122IAG,16040936,2026-08-31,883,1.051,False
122IAG,16040936,2026-08-31,887,0.98,False
122IAG,16040936,2026-08-31,888,0.365,False
122IAG,16040936,2026-08-31,889,0.86,False
122IAG,16040936,2026-08-31,890,1.29,True
122IAG,16040936,2026-08-31,892,1.118,False
122IAG,16040936,2026-08-31,893,0.762,False
122IAG,16040936,2026-08-31,894,1.063,False
122IAG,16040936,2026-08-31,895,1.111,False
122IAG,16040936,2026-08-31,896,1.866,True
122IAG,16040936,2026-08-31,897,1.868,True
122IAG,16040936,2026-08-31,898,1.165,True
122IAG,16040936,2026-08-31,899,0.592,False
122IAG,16040936,2026-08-31,901,1.245,True
122IAG,16040936,2026-08-31,902,0.667,False
122IAG,16040936,2026-08-31,903,0.607,False
122IAG,16040936,2026-08-31,904,0.611,False
122IAG,16040936,2026-08-31,905,1.196,True
122IAG,16040936,2026-08-31,907,0.959,False
122IAG,16040936,2026-08-31,908,1.442,True
122IAG,16040936,2026-08-31,909,1.184,True
122IAG,16040936,2026-08-31,910,1.433,True
122IAG,16040936,2026-08-31,911,1.584,True
122IAG,16040936,2026-08-31,913,1.061,False
122IAG,16040936,2026-08-31,914,1.082,False
122IAG,16040936,2026-08-31,915,0.615,False
122IAG,16040936,2026-08-31,916,0.676,False
122IAG,16040936,2026-08-31,917,4.959,True
122IAG,16040936,2026-08-31,921,1.252,True
122IAG,16040936,2026-08-31,922,1.128,False
122IAG,16040936,2026-08-31,923,1.19,True
122IAG,16040936,2026-08-31,924,0.279,False
122IAG,16040936,2026-08-31,925,1.459,True
122IAG,16040936,2026-08-31,928,1.132,False
122IAG,16040936,2026-08-31,929,0.991,False
122IAG,16040936,2026-08-31,930,0.28,False
122IAG,16040936,2026-08-31,931,0.853,False
122IAG,16040936,2026-08-31,935,1.251,True
122IAG,16040936,2026-08-31,936,1.218,True
122IAG,16040936,2026-08-31,937,0.725,False
122IAG,16040936,2026-08-31,939,1.416,True
122IAG,16040936,2026-08-31,940,0.624,False
122IAG,16040936,2026-08-31,941,1.098,False
122IAG,16040936,2026-08-31,942,1.291,True
122IAG,16040936,2026-08-31,943,0.917,False
122IAG,16040936,2026-08-31,945,1.283,True
122IAG,16040936,2026-08-31,947,0.929,False
122IAG,16040936,2026-08-31,949,1.394,True
122IAG,16040936,2026-08-31,950,1.056,False
122IAG,16040936,2026-08-31,951,3.82,True
122IAG,16040936,2026-08-31,953,0.614,False
122IAG,16040936,2026-08-31,954,0.951,False
122IAG,16040936,2026-08-31,955,0.967,False
122IAG,16040936,2026-08-31,959,2.364,True
122IAG,16040936,2026-08-31,960,1.248,True
122IAG,16040936,2026-08-31,962,1.439,True
122IAG,16040936,2026-08-31,963,1.03,False
122IAG,16040936,2026-08-31,964,2.928,True
122IAG,16040936,2026-08-31,966,1.485,True
122IAG,16040936,2026-08-31,967,0.963,False
122IAG,16040936,2026-08-31,968,1.304,True
122IAG,16040936,2026-08-31,969,1.142,True
122IAG,16040936,2026-08-31,971,1.542,True
122IAG,16040936,2026-08-31,972,1.364,True
122IAG,16040936,2026-08-31,973,1.279,True
122IAG,16040936,2026-08-31,974,0.715,False
122IAG,16040936,2026-08-31,976,1.046,False
122IAG,16040936,2026-08-31,977,1.233,True
122IAG,16040936,2026-08-31,978,1.574,True
122IAG,16040936,2026-08-31,981,1.194,True
122IAG,16040936,2026-08-31,982,0.61,False
122IAG,16040936,2026-08-31,984,1.273,True
122IAG,16040936,2026-08-31,985,0.309,False
122IAG,16040936,2026-08-31,986,1.368,True
122IAG,16040936,2026-08-31,987,1.157,True
122IAG,16040936,2026-08-31,988,1.136,False
122IAG,16040936,2026-08-31,989,1.103,False
122IAG,16040936,2026-08-31,991,0.0,False
122IAG,16040936,2026-08-31,992,1.357,True
122IAG,16040936,2026-08-31,993,0.828,False
122IAG,16040936,2026-08-31,994,1.235,True
122IAG,16040936,2026-08-31,995,1.139,False
122IAG,16040936,2026-08-31,996,0.327,False
122IAG,16040936,2026-08-31,997,0.633,False
122IAG,16040936,2026-08-31,998,1.15,True
122IAG,16040936,2026-08-31,1001,2.298,True
122IAG,16040936,2026-08-31,1007,1.269,True
122IAG,16040936,2026-08-31,1008,1.022,False
122IAG,16040936,2026-08-31,1014,1.265,True
122IAG,16040936,2026-08-31,1015,0.553,False
122IAG,16040936,2026-08-31,1016,0.608,False
122IAG,16040936,2026-08-31,1017,0.672,False
122IAG,16040936,2026-08-31,1018,0.616,False
122IAG,16040936,2026-08-31,1019,0.331,False
122IAG,16040936,2026-08-31,1020,0.322,False
122IAG,16040936,2026-08-31,1021,1.362,True
122IAG,16040936,2026-08-31,1028,0.972,False
122IAG,16040936,2026-08-31,1029,1.452,True
116IAG,16116760,2026-08-07,9,0.0,False
116IAG,16116760,2026-08-07,11,0.121,False
116IAG,16116760,2026-08-07,17,0.0,False
116IAG,16116760,2026-08-21,0,0.0,False
116IAG,16116760,2026-08-21,1,0.0,False
116IAG,16116760,2026-08-21,2,0.295,False
116IAG,16116760,2026-08-21,3,0.234,False
116IAG,16116760,2026-08-21,4,0.465,False
116IAG,16116760,2026-08-21,5,0.095,False
116IAG,16116760,2026-08-21,6,0.469,False
116IAG,16116760,2026-08-21,194,0.881,False
116IAG,16116760,2026-08-22,602,2.136,True
116IAG,16116760,2026-08-22,603,0.61,False
116IAG,16116760,2026-08-22,624,1.096,False
116IAG,16116760,2026-08-22,625,0.521,False
116IAG,16116760,2026-08-22,629,3.321,True
116IAG,16116760,2026-08-22,630,1.336,True
116IAG,16116760,2026-08-22,631,1.257,True
116IAG,16116760,2026-08-22,632,0.741,False
116IAG,16116760,2026-08-22,633,1.41,True
116IAG,16116760,2026-08-22,634,1.135,False
116IAG,16116760,2026-08-22,637,0.89,False
116IAG,16116760,2026-08-22,638,1.269,True
116IAG,16116760,2026-08-22,639,1.131,False
116IAG,16116760,2026-08-22,640,1.341,True
116IAG,16116760,2026-08-22,641,2.302,True
116IAG,16116760,2026-08-22,642,1.262,True
116IAG,16116760,2026-08-22,646,1.273,True
116IAG,16116760,2026-08-22,647,1.021,False
116IAG,16116760,2026-08-22,648,1.269,True
116IAG,16116760,2026-08-22,649,1.211,True
116IAG,16116760,2026-08-22,650,0.491,False
116IAG,16116760,2026-08-22,653,1.183,True
116IAG,16116760,2026-08-22,654,0.876,False
116IAG,16116760,2026-08-22,657,1.141,True
116IAG,16116760,2026-08-22,658,1.283,True
116IAG,16116760,2026-08-22,659,1.154,True
116IAG,16116760,2026-08-22,669,0.855,False
116IAG,16116760,2026-08-22,670,1.243,True
116IAG,16116760,2026-08-22,671,1.4,True
116IAG,16116760,2026-08-22,672,0.982,False
116IAG,16116760,2026-08-22,673,1.336,True
116IAG,16116760,2026-08-22,674,0.817,False
116IAG,16116760,2026-08-22,675,0.69,False
116IAG,16116760,2026-08-22,676,1.339,True
116IAG,16116760,2026-08-22,677,1.304,True
116IAG,16116760,2026-08-22,684,1.408,True
116IAG,16116760,2026-08-22,685,1.655,True
116IAG,16116760,2026-08-22,686,1.638,True
116IAG,16116760,2026-08-22,687,1.205,True
116IAG,16116760,2026-08-22,688,0.96,False
116IAG,16116760,2026-08-22,689,1.26,True
116IAG,16116760,2026-08-22,690,1.034,False
116IAG,16116760,2026-08-22,691,0.813,False
116IAG,16116760,2026-08-22,692,1.277,True
116IAG,16116760,2026-08-22,693,1.795,True
116IAG,16116760,2026-08-22,694,1.246,True
116IAG,16116760,2026-08-22,695,1.373,True
116IAG,16116760,2026-08-22,696,1.36,True
116IAG,16116760,2026-08-22,697,1.259,True
116IAG,16116760,2026-08-22,698,1.208,True
116IAG,16116760,2026-08-22,701,0.89,False
116IAG,16116760,2026-08-22,702,1.283,True
116IAG,16116760,2026-08-22,703,1.152,True
116IAG,16116760,2026-08-22,704,1.228,True
116IAG,16116760,2026-08-22,705,1.209,True
116IAG,16116760,2026-08-22,706,1.197,True
116IAG,16116760,2026-08-22,707,1.332,True
116IAG,16116760,2026-08-22,708,1.163,True
116IAG,16116760,2026-08-22,709,0.876,False
116IAG,16116760,2026-08-22,711,2.472,True
116IAG,16116760,2026-08-22,712,1.78,True
116IAG,16116760,2026-08-22,713,1.66,True
116IAG,16116760,2026-08-22,715,1.17,True
116IAG,16116760,2026-08-22,716,2.322,True
116IAG,16116760,2026-08-22,717,0.935,False
116IAG,16116760,2026-08-22,720,1.263,True
116IAG,16116760,2026-08-22,721,1.373,True
116IAG,16116760,2026-08-22,722,1.026,False
116IAG,16116760,2026-08-22,723,0.803,False
116IAG,16116760,2026-08-22,724,1.655,True
116IAG,16116760,2026-08-22,725,1.217,True
116IAG,16116760,2026-08-22,726,1.066,False
116IAG,16116760,2026-08-22,727,1.143,True
116IAG,16116760,2026-08-22,728,0.281,False
116IAG,16116760,2026-08-22,730,1.258,True
116IAG,16116760,2026-08-22,731,1.338,True
116IAG,16116760,2026-08-22,732,1.162,True
116IAG,16116760,2026-08-22,733,1.218,True
116IAG,16116760,2026-08-22,737,0.926,False
116IAG,16116760,2026-08-22,738,1.261,True
116IAG,16116760,2026-08-22,739,0.374,False
116IAG,16116760,2026-08-22,740,0.609,False
116IAG,16116760,2026-08-22,741,1.038,False
116IAG,16116760,2026-08-22,744,1.198,True
116IAG,16116760,2026-08-22,745,1.149,True
116IAG,16116760,2026-08-22,746,1.199,True
116IAG,16116760,2026-08-22,747,1.016,False
116IAG,16116760,2026-08-22,748,1.138,False
116IAG,16116760,2026-08-22,753,1.268,True
116IAG,16116760,2026-08-22,754,1.196,True
116IAG,16116760,2026-08-22,755,0.814,False
116IAG,16116760,2026-08-22,756,1.137,False
116IAG,16116760,2026-08-22,757,1.346,True
116IAG,16116760,2026-08-22,758,1.153,True
116IAG,16116760,2026-08-22,761,0.546,False
116IAG,16116760,2026-08-22,762,1.109,False
116IAG,16116760,2026-08-22,763,1.53,True
116IAG,16116760,2026-08-22,764,0.815,False
116IAG,16116760,2026-08-22,765,0.713,False
116IAG,16116760,2026-08-22,767,0.974,False
116IAG,16116760,2026-08-22,768,1.084,False
116IAG,16116760,2026-08-22,769,1.447,True
116IAG,16116760,2026-08-22,770,0.803,False
116IAG,16116760,2026-08-22,771,1.266,True
116IAG,16116760,2026-08-22,772,0.299,False
116IAG,16116760,2026-08-22,773,1.049,False
116IAG,16116760,2026-08-22,774,1.345,True
116IAG,16116760,2026-08-22,775,0.845,False
116IAG,16116760,2026-08-22,776,1.219,True
116IAG,16116760,2026-08-22,777,1.256,True
116IAG,16116760,2026-08-22,778,1.249,True
116IAG,16116760,2026-08-22,779,0.813,False
116IAG,16116760,2026-08-22,780,0.843,False
116IAG,16116760,2026-08-22,781,1.175,True
116IAG,16116760,2026-08-22,782,1.66,True
116IAG,16116760,2026-08-22,785,1.083,False
116IAG,16116760,2026-08-22,786,1.206,True
116IAG,16116760,2026-08-22,787,0.957,False
116IAG,16116760,2026-08-22,788,1.136,False
116IAG,16116760,2026-08-22,789,0.837,False
116IAG,16116760,2026-08-22,790,1.237,True
116IAG,16116760,2026-08-22,791,1.43,True
116IAG,16116760,2026-08-22,792,1.199,True
116IAG,16116760,2026-08-22,793,0.0,False
116IAG,16116760,2026-08-22,796,0.534,False
116IAG,16116760,2026-08-22,797,1.155,True
116IAG,16116760,2026-08-22,798,1.265,True
116IAG,16116760,2026-08-22,799,0.226,False
116IAG,16116760,2026-08-22,800,1.086,False
116IAG,16116760,2026-08-22,801,1.294,True
116IAG,16116760,2026-08-22,803,1.421,True
116IAG,16116760,2026-08-22,804,1.639,True
116IAG,16116760,2026-08-22,805,0.264,False
116IAG,16116760,2026-08-22,806,1.259,True
116IAG,16116760,2026-08-22,807,1.266,True
116IAG,16116760,2026-08-22,808,1.237,True
116IAG,16116760,2026-08-22,811,1.133,False
116IAG,16116760,2026-08-22,812,0.299,False
116IAG,16116760,2026-08-22,813,1.197,True
116IAG,16116760,2026-08-22,814,1.264,True
116IAG,16116760,2026-08-22,815,1.198,True
116IAG,16116760,2026-08-22,816,0.858,False
116IAG,16116760,2026-08-22,817,1.144,True
116IAG,16116760,2026-08-22,818,0.87,False
116IAG,16116760,2026-08-22,820,0.248,False
116IAG,16116760,2026-08-22,821,1.239,True
116IAG,16116760,2026-08-22,822,1.144,True
116IAG,16116760,2026-08-22,823,1.201,True
116IAG,16116760,2026-08-22,824,1.241,True
116IAG,16116760,2026-08-22,825,0.806,False
116IAG,16116760,2026-08-22,828,2.812,True
116IAG,16116760,2026-08-22,829,1.066,False
116IAG,16116760,2026-08-22,830,0.836,False
116IAG,16116760,2026-08-22,831,1.017,False
116IAG,16116760,2026-08-22,832,1.141,True
116IAG,16116760,2026-08-22,834,0.89,False
116IAG,16116760,2026-08-22,835,0.97,False
116IAG,16116760,2026-08-22,836,0.475,False
116IAG,16116760,2026-08-22,837,0.564,False
116IAG,16116760,2026-08-22,838,1.244,True
116IAG,16116760,2026-08-22,839,1.448,True
116IAG,16116760,2026-08-22,840,1.142,True
116IAG,16116760,2026-08-22,841,1.239,True
116IAG,16116760,2026-08-22,842,1.949,True
116IAG,16116760,2026-08-22,843,1.299,True
116IAG,16116760,2026-08-22,844,1.022,False
116IAG,16116760,2026-08-22,848,0.494,False
116IAG,16116760,2026-08-22,849,1.165,True
116IAG,16116760,2026-08-22,850,1.09,False
116IAG,16116760,2026-08-22,851,1.181,True
116IAG,16116760,2026-08-22,852,1.286,True
116IAG,16116760,2026-08-22,853,1.141,True
116IAG,16116760,2026-08-22,854,1.232,True
116IAG,16116760,2026-08-22,855,1.266,True
116IAG,16116760,2026-08-22,856,0.868,False
116IAG,16116760,2026-08-22,857,0.52,False
116IAG,16116760,2026-08-22,866,0.16,False
116IAG,16116760,2026-08-22,867,0.945,False
116IAG,16116760,2026-08-22,868,0.0,False
116IAG,16116760,2026-08-22,869,0.057,False
116IAG,16116760,2026-08-22,889,1.086,False
116IAG,16116760,2026-08-22,890,1.067,False
116IAG,16116760,2026-08-22,891,1.305,True
116IAG,16116760,2026-08-22,892,0.964,False
116IAG,16116760,2026-08-22,893,1.465,True
116IAG,16116760,2026-08-22,894,1.257,True
116IAG,16116760,2026-08-22,896,0.49,False
116IAG,16116760,2026-08-22,897,1.684,True
116IAG,16116760,2026-08-22,898,0.468,False
116IAG,16116760,2026-08-22,901,1.198,True
116IAG,16116760,2026-08-22,902,0.302,False
116IAG,16116760,2026-08-22,903,1.257,True
116IAG,16116760,2026-08-22,904,1.286,True
116IAG,16116760,2026-08-22,908,0.45,False
116IAG,16116760,2026-08-22,1013,0.42,False
116IAG,16116760,2026-08-24,0,0.332,False
116IAG,16116760,2026-08-24,1,0.264,False
116IAG,16116760,2026-08-24,321,0.264,False
116IAG,16116760,2026-08-24,323,0.452,False
116IAG,16116760,2026-08-24,344,0.799,False
116IAG,16116760,2026-08-24,345,0.998,False
116IAG,16116760,2026-08-24,346,1.04,False
116IAG,16116760,2026-08-24,347,0.8,False
116IAG,16116760,2026-08-24,348,0.851,False
116IAG,16116760,2026-08-24,349,0.801,False
116IAG,16116760,2026-08-24,350,0.992,False
116IAG,16116760,2026-08-24,354,1.141,True
116IAG,16116760,2026-08-24,355,0.802,False
116IAG,16116760,2026-08-24,356,1.434,True
116IAG,16116760,2026-08-24,357,1.25,True
116IAG,16116760,2026-08-24,358,1.232,True
116IAG,16116760,2026-08-24,359,0.677,False
116IAG,16116760,2026-08-24,394,0.978,False
116IAG,16116760,2026-08-24,395,1.537,True
116IAG,16116760,2026-08-24,396,1.247,True
116IAG,16116760,2026-08-24,397,1.352,True
116IAG,16116760,2026-08-24,398,0.667,False
116IAG,16116760,2026-08-24,399,1.067,False
116IAG,16116760,2026-08-24,400,0.922,False
116IAG,16116760,2026-08-24,401,0.803,False
116IAG,16116760,2026-08-24,407,0.798,False
116IAG,16116760,2026-08-24,408,0.987,False
116IAG,16116760,2026-08-24,409,1.194,True
116IAG,16116760,2026-08-24,410,1.24,True
116IAG,16116760,2026-08-24,411,0.79,False
116IAG,16116760,2026-08-24,412,1.43,True
116IAG,16116760,2026-08-24,413,1.337,True
116IAG,16116760,2026-08-24,414,2.445,True
116IAG,16116760,2026-08-24,417,0.804,False
116IAG,16116760,2026-08-24,418,1.275,True
116IAG,16116760,2026-08-24,419,2.797,True
116IAG,16116760,2026-08-24,420,1.152,True
116IAG,16116760,2026-08-24,421,1.22,True
116IAG,16116760,2026-08-24,422,0.849,False
116IAG,16116760,2026-08-24,423,0.679,False
116IAG,16116760,2026-08-24,427,0.915,False
116IAG,16116760,2026-08-24,428,1.296,True
116IAG,16116760,2026-08-24,429,1.182,True
116IAG,16116760,2026-08-24,430,1.186,True
116IAG,16116760,2026-08-24,431,0.88,False
116IAG,16116760,2026-08-24,432,0.883,False
116IAG,16116760,2026-08-24,433,1.094,False
116IAG,16116760,2026-08-24,437,0.852,False
116IAG,16116760,2026-08-24,438,1.172,True
116IAG,16116760,2026-08-24,439,0.991,False
116IAG,16116760,2026-08-24,440,1.512,True
116IAG,16116760,2026-08-24,441,0.81,False
116IAG,16116760,2026-08-24,442,3.902,True
116IAG,16116760,2026-08-24,446,0.989,False
116IAG,16116760,2026-08-24,447,1.271,True
116IAG,16116760,2026-08-24,448,3.292,True
116IAG,16116760,2026-08-24,449,1.176,True
116IAG,16116760,2026-08-24,450,1.433,True
116IAG,16116760,2026-08-24,451,0.781,False
116IAG,16116760,2026-08-24,465,0.86,False
116IAG,16116760,2026-08-24,466,0.981,False
116IAG,16116760,2026-08-24,467,1.239,True
116IAG,16116760,2026-08-24,468,1.345,True
116IAG,16116760,2026-08-24,469,1.105,False
116IAG,16116760,2026-08-24,470,1.126,False
116IAG,16116760,2026-08-24,471,0.977,False
116IAG,16116760,2026-08-24,472,0.905,False
116IAG,16116760,2026-08-24,475,1.832,True
116IAG,16116760,2026-08-24,476,1.04,False
116IAG,16116760,2026-08-24,477,1.075,False
116IAG,16116760,2026-08-24,676,0.12,False
116IAG,16116760,2026-08-24,688,0.283,False
116IAG,16116760,2026-08-24,692,1.284,True
116IAG,16116760,2026-08-24,693,1.221,True
116IAG,16116760,2026-08-24,694,1.22,True
116IAG,16116760,2026-08-24,695,1.309,True
116IAG,16116760,2026-08-24,696,0.554,False
116IAG,16116760,2026-08-24,697,1.298,True
116IAG,16116760,2026-08-24,698,1.244,True
116IAG,16116760,2026-08-24,699,0.215,False
116IAG,16116760,2026-08-24,700,0.862,False
116IAG,16116760,2026-08-24,701,2.243,True
116IAG,16116760,2026-08-24,702,1.322,True
116IAG,16116760,2026-08-24,703,0.688,False
116IAG,16116760,2026-08-24,705,1.32,True
116IAG,16116760,2026-08-24,706,1.047,False
116IAG,16116760,2026-08-24,707,1.107,False
116IAG,16116760,2026-08-24,708,0.848,False
116IAG,16116760,2026-08-24,709,1.576,True
116IAG,16116760,2026-08-24,710,1.129,False
116IAG,16116760,2026-08-24,711,1.148,True
116IAG,16116760,2026-08-24,714,1.175,True
116IAG,16116760,2026-08-24,715,1.2,True
116IAG,16116760,2026-08-24,716,1.203,True
116IAG,16116760,2026-08-24,717,1.162,True
116IAG,16116760,2026-08-24,718,1.449,True
116IAG,16116760,2026-08-24,719,1.542,True
116IAG,16116760,2026-08-24,720,0.845,False
116IAG,16116760,2026-08-24,722,1.02,False
116IAG,16116760,2026-08-24,723,1.251,True
116IAG,16116760,2026-08-24,724,0.168,False
116IAG,16116760,2026-08-24,726,1.073,False
116IAG,16116760,2026-08-24,727,1.205,True
116IAG,16116760,2026-08-24,738,1.584,True
116IAG,16116760,2026-08-24,739,1.528,True
116IAG,16116760,2026-08-24,740,1.021,False
116IAG,16116760,2026-08-24,741,0.805,False
116IAG,16116760,2026-08-24,742,0.802,False
116IAG,16116760,2026-08-24,743,1.244,True
116IAG,16116760,2026-08-24,744,1.292,True
116IAG,16116760,2026-08-24,745,0.282,False
116IAG,16116760,2026-08-24,746,1.309,True
116IAG,16116760,2026-08-24,747,1.2,True
116IAG,16116760,2026-08-24,748,0.287,False
116IAG,16116760,2026-08-24,749,1.312,True
116IAG,16116760,2026-08-24,750,1.159,True
116IAG,16116760,2026-08-24,751,1.367,True
116IAG,16116760,2026-08-24,752,0.985,False
116IAG,16116760,2026-08-24,753,1.115,False
116IAG,16116760,2026-08-24,754,0.8,False
116IAG,16116760,2026-08-24,755,1.187,True
116IAG,16116760,2026-08-24,756,1.328,True
116IAG,16116760,2026-08-24,757,1.186,True
116IAG,16116760,2026-08-24,758,1.261,True
116IAG,16116760,2026-08-24,759,1.218,True
116IAG,16116760,2026-08-24,760,1.105,False
116IAG,16116760,2026-08-24,761,0.566,False
116IAG,16116760,2026-08-24,762,1.237,True
116IAG,16116760,2026-08-24,771,0.906,False
116IAG,16116760,2026-08-24,772,1.233,True
116IAG,16116760,2026-08-24,773,1.201,True
116IAG,16116760,2026-08-24,774,1.265,True
116IAG,16116760,2026-08-24,775,1.329,True
116IAG,16116760,2026-08-24,776,1.022,False
116IAG,16116760,2026-08-24,778,1.2,True
116IAG,16116760,2026-08-24,779,1.102,False
116IAG,16116760,2026-08-24,782,1.14,True
116IAG,16116760,2026-08-24,783,1.231,True
116IAG,16116760,2026-08-24,784,0.958,False
116IAG,16116760,2026-08-24,785,0.807,False
116IAG,16116760,2026-08-24,786,0.995,False
116IAG,16116760,2026-08-24,787,1.385,True
116IAG,16116760,2026-08-24,788,0.011,False
116IAG,16116760,2026-08-24,789,0.887,False
116IAG,16116760,2026-08-24,790,1.33,True
116IAG,16116760,2026-08-24,791,0.234,False
116IAG,16116760,2026-08-24,792,1.206,True
116IAG,16116760,2026-08-24,793,0.567,False
116IAG,16116760,2026-08-24,796,1.056,False
116IAG,16116760,2026-08-24,797,1.25,True
116IAG,16116760,2026-08-24,798,1.25,True
116IAG,16116760,2026-08-24,799,1.218,True
116IAG,16116760,2026-08-24,800,1.278,True
116IAG,16116760,2026-08-24,801,1.343,True
116IAG,16116760,2026-08-24,802,1.166,True
116IAG,16116760,2026-08-24,803,0.549,False
116IAG,16116760,2026-08-24,804,1.174,True
116IAG,16116760,2026-08-24,805,1.104,False
116IAG,16116760,2026-08-24,806,0.361,False
116IAG,16116760,2026-08-24,807,1.303,True
116IAG,16116760,2026-08-24,808,1.069,False
116IAG,16116760,2026-08-24,809,1.043,False
116IAG,16116760,2026-08-24,810,1.134,False
116IAG,16116760,2026-08-24,811,1.581,True
116IAG,16116760,2026-08-24,812,1.595,True
116IAG,16116760,2026-08-24,816,0.956,False
116IAG,16116760,2026-08-24,817,1.196,True
116IAG,16116760,2026-08-24,818,1.066,False
116IAG,16116760,2026-08-24,819,1.033,False
116IAG,16116760,2026-08-24,820,1.243,True
116IAG,16116760,2026-08-24,824,1.021,False
116IAG,16116760,2026-08-24,825,1.246,True
116IAG,16116760,2026-08-24,826,1.107,False
116IAG,16116760,2026-08-24,827,1.084,False
116IAG,16116760,2026-08-24,829,1.212,True
116IAG,16116760,2026-08-24,830,1.122,False
116IAG,16116760,2026-08-24,831,0.286,False
116IAG,16116760,2026-08-24,832,1.112,False
116IAG,16116760,2026-08-24,833,0.697,False
116IAG,16116760,2026-08-24,834,1.293,True
116IAG,16116760,2026-08-24,837,0.945,False
116IAG,16116760,2026-08-24,838,0.989,False
116IAG,16116760,2026-08-24,839,1.34,True
116IAG,16116760,2026-08-24,840,1.157,True
116IAG,16116760,2026-08-24,841,1.191,True
116IAG,16116760,2026-08-24,845,1.15,True
116IAG,16116760,2026-08-24,846,0.437,False
116IAG,16116760,2026-08-24,847,1.129,False
116IAG,16116760,2026-08-24,850,0.944,False
116IAG,16116760,2026-08-24,851,1.048,False
116IAG,16116760,2026-08-24,852,3.521,True
116IAG,16116760,2026-08-24,853,1.246,True
116IAG,16116760,2026-08-24,854,1.07,False
116IAG,16116760,2026-08-24,855,0.678,False
116IAG,16116760,2026-08-24,857,0.716,False
116IAG,16116760,2026-08-24,858,1.352,True
116IAG,16116760,2026-08-24,859,1.126,False
116IAG,16116760,2026-08-24,860,2.009,True
116IAG,16116760,2026-08-24,861,0.727,False
116IAG,16116760,2026-08-24,864,1.179,True
116IAG,16116760,2026-08-24,865,0.928,False
116IAG,16116760,2026-08-24,866,1.471,True
116IAG,16116760,2026-08-24,867,0.939,False
116IAG,16116760,2026-08-24,868,0.722,False
116IAG,16116760,2026-08-24,870,0.637,False
116IAG,16116760,2026-08-24,871,0.951,False
116IAG,16116760,2026-08-24,872,0.672,False
116IAG,16116760,2026-08-24,874,0.538,False
116IAG,16116760,2026-08-24,875,0.818,False
116IAG,16116760,2026-08-24,880,1.061,False
116IAG,16116760,2026-08-24,881,0.412,False
116IAG,16116760,2026-08-24,882,1.176,True
116IAG,16116760,2026-08-24,883,1.232,True
116IAG,16116760,2026-08-24,884,1.254,True
116IAG,16116760,2026-08-24,886,1.207,True
116IAG,16116760,2026-08-24,887,1.022,False
116IAG,16116760,2026-08-24,888,0.807,False
116IAG,16116760,2026-08-24,889,1.232,True
116IAG,16116760,2026-08-24,890,1.131,False
116IAG,16116760,2026-08-24,894,1.076,False
116IAG,16116760,2026-08-24,895,1.101,False
116IAG,16116760,2026-08-24,896,1.954,True
116IAG,16116760,2026-08-24,897,0.609,False
116IAG,16116760,2026-08-24,898,0.973,False
116IAG,16116760,2026-08-24,899,1.393,True
116IAG,16116760,2026-08-24,900,1.286,True
116IAG,16116760,2026-08-24,901,0.599,False
116IAG,16116760,2026-08-24,902,1.353,True
116IAG,16116760,2026-08-24,903,1.021,False
116IAG,16116760,2026-08-24,907,0.805,False
116IAG,16116760,2026-08-24,908,1.143,True
116IAG,16116760,2026-08-24,909,0.324,False
116IAG,16116760,2026-08-24,910,1.198,True
116IAG,16116760,2026-08-24,911,0.185,False
116IAG,16116760,2026-08-24,912,1.135,False
116IAG,16116760,2026-08-24,913,0.799,False
116IAG,16116760,2026-08-24,914,1.224,True
116IAG,16116760,2026-08-24,915,0.969,False
116IAG,16116760,2026-08-24,916,0.721,False
116IAG,16116760,2026-08-24,917,1.005,False
116IAG,16116760,2026-08-24,918,1.226,True
116IAG,16116760,2026-08-24,919,0.26,False
116IAG,16116760,2026-08-24,920,1.209,True
116IAG,16116760,2026-08-24,921,1.334,True
116IAG,16116760,2026-08-24,922,0.722,False
116IAG,16116760,2026-08-24,924,1.235,True
116IAG,16116760,2026-08-24,925,1.078,False
116IAG,16116760,2026-08-24,926,0.639,False
116IAG,16116760,2026-08-24,927,1.24,True
116IAG,16116760,2026-08-24,928,1.165,True
116IAG,16116760,2026-08-24,929,0.924,False
